"ANO","NIVEL","CODMUNRES","TN","TNRC","TNRCR","TGI_15","TGI_15_19","TGI 20 24","TGI 25 29","TGI_30_34","TGI 35 39","TGI 40 44","TGI_45_49","TGI 50","TGIF","IM_P25","IM P50","IM_P75","IM_MD","IM DP","EM S","EM_FI","EM_FII","EM_M","EM SI","EM_SC","TGRC_B","TGRC_PT","TGRC_A","TGRC_PD","TGRC_I","TGSC","TGCC","TGPRI","TGNPRI","TGU","TGG","TGD_22","TGD 22 27","TGD_28_31","TGD 32 36","TGD_37_41","TGD_42","TGD PRT","TGD_AT","TGD PST","DG P25","DG P50","DG P75","DG_MD","DG DP","TKC_NR","TKC_ID","TKC_IT","TKC_AD","TKC MAD","TGPRG_S","TGPRG_N","TPV","TPC","TRAP C","TRAP P","TRAP_T","TGROB_1","TGROB_2","TGROB 3","TGROB 4","TGROB 5","TGROB 6","TGROB 7","TGROB 8","TGROB 9","TGROB 10","TNLOC_H","TNLOC_ES","TNLOC_D","TNLOC_O","TNLOC_AI","TRS M","TRS_F","TRRC_B","TRRC_PT","TRRC A","TRRC PD","TRRC_I","TRP BP","TRP_N","TRP_M","PESO_P25","PESO P50","PESO_P75","PESO MD","PESO DP","TRPIG P","TRPIG_A","TRPIG G","TRAPG5 B","TRAPG5 N","APG5_MD","APG5_DP","TRAC","TRSAC"
2016,"UF",42,95313,0,89752,451,12051,22142,24558,21856,11469,2657,124,5,94857,22,27,32,27.2855329283519,6.49235599698496,114,3286,22794,43976,6085,18661,80101,2945,94,8528,301,33261,61647,39530,55783,93220,2056,27,408,889,9281,82485,2027,10605,82485,2027,38,39,40,38.4864640390256,2.13758788244931,340,14380,6466,7912,64463,36437,58876,40331,54946,90357,4299,307,13474,19574,14188,10624,22347,1822,1942,1986,307,8569,94762,117,303,131,0,48824,46474,80191,2947,94,8535,301,7425,82203,5682,2940,3255,3565,3224.04985835694,550.764355153498,5037,76581,10756,872,94242,9.29209159534874,0.833424274005835,841,94339
2016,"MUNICIPIO",420900,379,0,347,0,32,76,86,123,43,16,3,0,379,24,29,33,28.7282321899736,6.43054218495657,1,15,85,140,28,104,310,10,0,52,0,80,288,140,239,363,16,0,2,6,42,316,9,50,316,9,38,39,40,38.2453333333333,2.3613585624063,2,51,9,18,294,23,356,113,266,357,12,0,32,82,44,35,116,2,6,16,0,39,377,0,2,0,0,192,187,310,10,0,52,0,36,326,17,2838,3140,3452,3105.39313984169,582.006796497897,19,309,32,4,373,9.61273209549072,0.99126354722524,6,371
2016,"MUNICIPIO",420000,1,0,0,0,0,0,0,1,0,0,0,0,1,33,33,33,33,NA,0,0,0,1,0,0,0,0,0,1,0,1,0,1,0,1,0,0,0,0,0,1,0,0,1,0,39,39,39,39,NA,0,0,0,0,0,1,0,1,0,1,0,0,1,0,0,0,0,0,0,0,0,0,1,0,0,0,0,1,0,0,0,0,1,0,0,1,0,3574,3574,3574,3574,NA,0,1,0,0,1,10,NA,0,1
2016,"MUNICIPIO",421320,392,0,390,1,33,74,110,104,56,12,2,0,391,24,28,33,28.5408163265306,6.13725092759576,0,7,81,204,18,82,362,11,0,19,0,186,206,174,218,382,10,0,1,4,41,337,7,46,337,7,38,39,39,38.2410256410256,1.95274744801827,1,48,14,25,303,60,332,108,284,370,19,3,60,85,51,38,87,11,5,9,3,41,389,0,3,0,0,195,197,362,11,0,19,0,30,336,26,2993.75,3282.5,3580,3258.49489795918,531.60938871825,18,307,53,2,390,9.29336734693878,0.963877977099112,4,388
2016,"MUNICIPIO",420930,2476,0,2421,26,405,577,604,534,266,64,0,0,2450,21,26,32,26.5973344103393,6.65415621337243,2,96,683,1084,179,432,1855,89,2,519,0,820,1655,1003,1473,2419,57,0,8,34,315,2027,86,357,2027,86,38,39,40,38.4,2.28956815070603,8,495,223,229,1498,32,2444,1204,1272,2366,98,7,343,486,389,313,490,38,45,53,7,303,2453,10,8,5,0,1310,1166,1855,89,2,519,0,236,2110,130,2890,3210,3520,3172.70436187399,546.17099168552,144,1996,251,75,2385,8.7369918699187,0.982323175229354,25,2451
2016,"MUNICIPIO",421380,119,0,109,0,7,35,28,30,16,3,0,0,119,23,27,32,27.8739495798319,5.91114233969612,0,5,25,61,7,21,113,0,0,4,0,75,43,46,73,115,4,0,1,0,14,94,8,15,94,8,38,39,40,38.5042735042735,2.3911616410264,0,7,4,7,96,99,20,33,86,113,5,0,14,24,8,10,41,2,1,4,0,12,119,0,0,0,0,67,52,113,0,0,4,0,7,104,8,2982.5,3260,3570,3273.10924369748,468.860406928348,3,95,12,1,118,9.5546218487395,0.870393238535364,0,119
2016,"MUNICIPIO",420245,285,0,279,2,24,77,79,55,32,15,1,0,283,23,27,32,27.6666666666667,6.55994389074825,0,3,56,159,20,46,266,4,1,8,0,163,122,121,164,281,4,0,1,1,22,259,2,24,259,2,38,39,39,38.4947368421053,1.81663101866308,0,19,42,27,195,283,2,152,133,274,8,2,73,31,78,16,54,6,1,4,2,19,282,0,0,3,0,151,134,267,4,1,8,0,10,251,24,3060,3380,3636,3346.31228070175,535.701623669533,4,240,37,1,284,9.59298245614035,0.688911074087932,1,284
2016,"MUNICIPIO",421360,394,0,380,1,54,92,99,81,52,13,2,0,393,22,27,32,27.3197969543147,6.81931577529197,0,12,96,188,24,73,342,1,0,50,0,159,232,164,230,386,8,0,2,4,41,338,6,47,338,6,37,38,39,38.1202046035806,1.98542792883402,0,64,15,24,286,121,273,180,214,373,14,2,51,91,28,74,80,6,8,8,2,42,394,0,0,0,0,193,201,343,1,0,50,0,27,352,15,2900,3140,3458.75,3142.42131979695,523.770238025712,21,330,32,1,393,9.45685279187817,0.641575861778731,0,394
2016,"MUNICIPIO",420580,263,0,261,0,41,74,73,46,21,8,0,0,263,22,25,30,26.1520912547529,6.24802758183705,2,20,74,127,15,25,231,6,1,24,1,49,214,94,169,261,2,1,1,2,28,221,10,32,221,10,38,39,40,38.4296577946768,2.49154958772596,4,40,17,18,184,259,4,158,105,252,11,0,28,49,56,36,51,4,7,2,0,30,257,0,0,6,0,143,120,231,6,1,24,1,14,226,23,3012.5,3315,3602.5,3305,536.531659246727,8,215,35,1,260,8.98850574712644,0.682093827409338,1,262
2016,"MUNICIPIO",420910,8030,0,7992,15,813,1832,2171,1944,1016,228,11,0,8015,23,28,32,27.7585305105853,6.28822391082527,11,234,1578,3971,410,1826,7215,263,12,536,1,1578,6452,3352,4678,7857,173,0,28,66,898,6857,181,992,6857,181,38,39,40,38.4845579078456,2.08624558065773,40,1048,589,735,5600,76,7954,3989,4041,7618,398,14,1013,1780,1210,999,1711,158,177,165,14,803,7992,1,27,10,0,4095,3935,7215,263,12,536,1,626,6835,569,2980,3300,3615,3265.15940224159,551.803994883015,378,6350,1114,73,7940,9.1057032322476,0.729647238497354,69,7961
2016,"MUNICIPIO",421580,1099,0,1093,8,129,251,277,257,141,35,1,0,1091,22,28,32,27.4813466787989,6.53367120285298,2,16,224,575,56,226,967,4,2,124,0,487,611,459,640,1074,25,0,3,10,120,930,36,133,930,36,38,39,39,38.3839854413103,2.03251308004472,2,117,20,45,912,74,1025,303,796,1049,47,2,137,248,129,112,295,27,15,25,2,108,1096,0,3,0,0,563,536,967,4,2,124,0,76,982,41,2953,3250,3541,3211.47679708826,520.616474773318,52,898,117,6,1093,9.5950864422202,0.712120839444294,11,1087
2016,"MUNICIPIO",420300,1216,0,1182,12,250,309,300,179,130,35,1,0,1204,20,25,30,25.7105263157895,6.83130685176787,2,67,436,473,66,172,1123,11,0,79,0,130,1083,485,731,1198,18,1,7,10,73,1125,0,91,1125,0,38,39,39,38.46875,1.88230060180502,3,200,99,87,803,51,1165,416,800,1184,29,2,218,209,182,148,335,12,15,18,2,76,1213,0,2,1,0,612,603,1123,11,0,79,0,103,1071,42,2893.75,3210,3490,3158.89967105263,540.247059593172,95,1012,89,12,1202,9.25370675453048,0.858428134440418,20,1194
2016,"MUNICIPIO",420820,3465,0,3448,15,445,856,858,790,406,89,5,1,3449,22,27,32,27.1327561327561,6.47082036668741,5,60,768,1742,288,602,2836,237,5,381,3,768,2694,1473,1992,3374,91,3,11,30,314,3080,27,358,3080,27,38,39,40,38.6017316017316,2.07789904402968,17,366,197,261,2622,1039,2426,1737,1728,3288,151,24,616,613,610,353,759,60,68,87,24,273,3454,1,10,0,0,1733,1730,2836,237,5,381,3,267,2966,232,2955,3270,3575,3239.53910533911,558.978590254013,170,2819,380,41,3418,9.39433362243423,1.0206271871347,28,3436
2016,"MUNICIPIO",420200,1601,0,1582,3,146,379,392,398,235,46,2,0,1598,23,28,33,27.998750780762,6.35590264545296,0,17,286,768,160,370,1473,53,3,64,2,786,812,691,910,1557,44,0,8,18,235,1331,8,261,1331,8,37,39,40,38.27125,2.28082765608188,1,70,132,125,1267,155,1446,832,769,1531,48,18,396,136,363,52,333,25,20,40,18,214,1595,2,4,0,0,824,777,1473,53,3,64,2,116,1368,117,2990,3300,3599,3263.79887570269,554.436002414828,15,1364,176,12,1586,9.52190237797246,0.774812242903977,2,1598
2016,"MUNICIPIO",421620,640,0,623,8,97,157,150,140,66,21,1,0,632,21,26,32,26.684375,6.62714148812287,3,20,127,351,41,98,555,17,0,61,5,301,332,228,412,632,8,1,2,6,57,550,24,66,550,24,38,39,40,38.6765625,2.25524894180551,8,97,89,64,379,205,435,257,383,618,22,0,78,124,89,85,180,9,9,8,0,58,632,0,6,2,0,343,297,555,17,0,61,5,44,553,43,3013.75,3320,3626.25,3277.928125,564.306616359594,31,508,86,1,634,9.68661417322835,0.688614276788014,6,632
2016,"MUNICIPIO",420845,255,0,250,1,47,59,67,49,27,5,0,0,254,20.5,26,31,26.1607843137255,6.56955751908782,0,8,67,129,18,33,228,5,1,20,0,63,191,114,141,248,7,0,1,3,28,216,7,32,216,7,38,39,40,38.4352941176471,2.35164739789374,4,27,12,20,190,242,13,143,112,239,16,0,45,48,46,27,45,7,5,7,0,25,240,3,0,12,0,136,119,228,5,1,20,0,21,221,13,2942.5,3320,3555,3219.52941176471,600.188597424176,13,207,27,1,252,8.98814229249012,0.587449514472056,2,253
2016,"MUNICIPIO",421220,228,0,213,1,42,71,55,39,19,1,0,0,227,21,24.5,30,25.4868421052632,6.07622670354991,0,19,96,80,8,25,226,0,0,2,0,32,195,85,143,226,2,0,1,2,23,181,20,26,181,20,38,39,40,38.7577092511013,2.36463060859218,2,47,4,5,157,41,187,106,122,222,6,0,66,7,67,7,49,3,2,2,0,24,228,0,0,0,0,120,108,226,0,0,2,0,17,197,14,2931.5,3238,3566.25,3226.22807017544,505.852811297497,15,172,30,1,227,9.77631578947368,0.675538960106551,2,226
2016,"MUNICIPIO",421830,295,0,244,4,70,65,70,47,30,7,2,0,291,19.5,25,31,25.5932203389831,7.00125995480006,0,20,108,142,7,18,294,0,0,1,0,124,147,98,197,291,4,0,0,7,27,245,16,34,245,16,38,39,40,38.6237288135593,2.22327965924545,0,100,10,7,149,65,230,129,166,278,17,0,47,34,67,22,78,8,7,4,0,28,295,0,0,0,0,146,148,294,0,0,1,0,25,257,13,2895,3235,3555,3195.59322033898,530.27707808816,21,237,25,7,288,9.0135593220339,1.01006122720032,4,291
2016,"MUNICIPIO",420350,158,0,153,2,40,32,40,22,18,4,0,0,156,19,25,30,25.5,7.12557965012801,0,5,42,79,11,21,129,1,0,26,0,43,113,58,100,157,1,0,0,0,13,134,11,13,134,11,38,39,40,38.7848101265823,1.8246080537216,0,27,10,8,110,31,127,61,97,153,4,1,36,15,31,16,42,1,3,1,1,12,158,0,0,0,0,79,79,129,1,0,26,0,10,142,6,2911.25,3215,3473.75,3195.90506329114,464.216959873368,12,129,12,4,154,9.59493670886076,0.903200076469396,0,158
2016,"MUNICIPIO",420500,240,0,229,1,46,58,51,45,31,8,0,0,239,20.75,26,32,26.3916666666667,6.99885924157666,0,9,86,91,13,41,188,3,0,42,0,76,160,82,158,235,5,0,0,1,19,217,3,20,217,3,38,39,40,38.7,1.76008748356177,1,50,15,17,153,157,83,92,148,222,15,3,22,48,35,36,65,4,10,5,3,12,239,0,0,1,0,115,125,188,3,0,42,0,24,210,6,2775,3127.5,3464.5,3104.37083333333,513.163370023651,33,188,13,3,237,9.7375,0.750069731765294,0,240
2016,"MUNICIPIO",421200,128,0,126,0,22,34,30,19,19,4,0,0,128,21,26,33,26.7421875,6.93075548227739,0,6,50,48,5,19,125,1,0,2,0,21,106,48,80,124,4,0,0,2,11,110,4,13,110,4,38,39,40,38.5275590551181,1.99135740437547,0,17,5,5,101,18,110,44,84,128,0,0,36,3,42,1,32,0,0,4,0,10,125,3,0,0,0,57,71,125,1,0,2,0,8,117,3,2908.75,3235,3472.5,3186.2109375,494.493595292134,7,106,11,2,126,9.734375,0.757995439705394,1,126
2016,"MUNICIPIO",421130,1448,0,1436,5,202,408,376,274,154,27,1,1,1442,21,26,31,26.4592541436464,6.36830849917139,0,35,438,703,87,185,1136,70,0,234,1,760,687,540,908,1422,26,0,5,12,173,1221,36,190,1221,36,38,39,40,38.5369730476849,2.14091601850817,0,115,200,131,1001,644,804,810,638,1385,56,7,212,226,273,185,301,25,26,24,7,168,1442,1,5,0,0,783,665,1136,70,0,234,1,86,1274,88,2950,3285,3570,3248.94406077348,524.796282237195,69,1194,156,10,1437,9.56461644782308,0.719087885702531,11,1435
2016,"MUNICIPIO",420420,3314,0,3300,17,383,699,860,848,399,100,7,1,3296,23,28,32,27.69312009656,6.44512706508253,5,66,741,1427,275,796,2494,96,2,695,25,605,2709,1410,1904,3244,70,0,18,28,214,3038,15,260,3038,15,38,39,40,38.531542408693,1.93843606173281,14,313,151,229,2605,45,3269,1159,2155,3115,191,8,146,1051,219,590,846,96,82,67,8,208,3304,0,9,1,0,1706,1608,2494,96,2,695,25,261,2940,113,2900,3180,3470,3153.52172601086,527.588335290956,203,2829,208,38,3271,9.23813841039589,0.824420747254116,43,3271
2016,"MUNICIPIO",420010,314,0,312,5,66,77,85,55,20,6,0,0,309,20,25,30,25.2006369426752,6.48230816004807,0,13,88,162,16,34,226,5,0,75,8,41,273,140,174,307,7,0,0,3,17,294,0,20,294,0,38,39,39,38.3694267515924,1.35319583485207,1,56,19,24,214,111,203,96,218,308,6,0,31,99,24,64,70,2,3,7,0,14,312,0,1,1,0,167,147,226,5,0,75,8,33,266,15,2850,3200,3500,3151.35031847134,535.550582490253,28,247,32,3,310,9.04153354632588,0.84440098609212,3,311
2016,"MUNICIPIO",420253,34,0,34,1,8,10,1,11,3,0,0,0,33,19.25,24,32,25.3823529411765,6.85792930088231,0,3,5,16,1,9,21,0,0,10,3,7,27,21,13,34,0,0,0,0,5,29,0,5,29,0,38,39,40,38.4705882352941,1.70978102651927,0,6,3,4,21,34,0,12,22,33,1,0,12,4,4,0,8,1,0,0,0,5,34,0,0,0,0,21,13,21,0,0,10,3,1,32,1,2797.5,2995,3382.5,3114.26470588235,532.719057735082,4,28,2,0,34,9.70588235294118,0.46249729006288,1,33
2016,"MUNICIPIO",421950,681,0,669,4,114,144,153,157,85,24,0,0,677,21,27,33,27.1497797356828,6.91702104221688,0,15,158,306,52,149,518,9,3,136,9,154,524,301,380,667,14,1,2,14,81,575,8,98,575,8,38,39,40,38.208516886931,2.4351562946747,1,173,53,52,400,26,655,195,486,630,50,1,140,102,94,38,171,25,22,14,1,74,681,0,0,0,0,358,323,518,9,3,136,9,81,584,16,2815,3140,3450,3081.39353891336,575.753162147546,45,573,45,3,677,9.56911764705882,0.658859941166546,9,672
2016,"MUNICIPIO",421227,54,0,52,0,8,18,14,7,6,1,0,0,54,20,25,29.75,25.6666666666667,6.32455532033676,0,5,14,24,4,7,42,1,0,11,0,23,30,19,35,52,2,0,0,0,4,49,1,4,49,1,38,39,39,38.3703703703704,1.37766957037718,0,18,0,3,33,54,0,13,41,52,2,0,7,10,5,8,19,1,1,2,0,1,54,0,0,0,0,26,28,42,1,0,11,0,6,46,2,2856.25,3110,3421.25,3125.37037037037,486.097136666461,5,42,5,0,53,9.73584905660377,0.683625611557919,0,54
2016,"MUNICIPIO",420750,864,0,850,1,90,227,240,195,89,22,0,0,863,22,27,32,27.1539351851852,6.15599893201344,1,30,219,408,63,138,701,6,1,153,0,417,443,336,528,844,20,0,5,9,92,733,25,106,733,25,38,39,40,38.3553240740741,2.2337129089282,5,126,54,89,588,105,759,261,603,837,27,0,130,159,124,77,246,9,10,20,0,89,862,0,2,0,0,454,410,701,6,1,153,0,66,757,41,2895,3220,3561.25,3202.67939814815,537.795948537518,58,684,90,1,862,9.84125144843569,0.529031256270373,5,859
2016,"MUNICIPIO",420517,50,0,50,0,14,9,13,7,5,2,0,0,50,19,25,30,25.48,6.97002327756485,0,4,19,19,3,5,24,0,0,9,17,11,39,22,28,50,0,0,0,1,5,43,1,6,43,1,37,39,39,38.28,2.2042630310841,0,14,3,6,27,50,0,14,36,50,0,0,14,6,8,5,11,0,0,0,0,6,50,0,0,0,0,23,27,24,0,0,9,17,5,42,3,2751.25,3060,3498.75,3076.1,573.075563988569,5,39,6,0,50,9.54,0.734291272908366,0,50
2016,"MUNICIPIO",421185,17,0,17,0,3,5,5,3,1,0,0,0,17,21,26,29,25.3529411764706,6.00979592488992,0,0,3,10,2,2,15,0,0,2,0,2,15,10,7,17,0,0,0,0,3,14,0,3,14,0,38,39,39,38.2352941176471,1.67814673690599,0,4,1,3,9,17,0,6,11,17,0,0,3,7,4,0,0,0,0,0,0,3,17,0,0,0,0,8,9,15,0,0,2,0,1,16,0,2660,3000,3185,3016.47058823529,462.634320717651,2,14,1,0,17,9.58823529411765,0.712287119900726,0,17
2016,"MUNICIPIO",421690,301,0,300,3,34,83,71,64,36,10,0,0,298,22,27,32,27.0398671096346,6.66671373183829,0,8,62,142,19,70,226,2,0,73,0,40,261,129,172,292,9,0,0,0,32,264,4,32,264,4,38,39,39,38.4133333333333,1.66685840591619,1,35,10,13,242,87,214,94,207,290,11,0,46,60,41,27,81,3,6,9,0,27,300,1,0,0,0,148,153,226,2,0,73,0,23,264,14,2830,3130,3395,3123.50166112957,471.907156296552,31,235,23,0,301,9.68770764119601,0.573423980060203,0,301
2016,"MUNICIPIO",420560,41,0,41,0,5,12,11,11,1,1,0,0,41,22,26,30,26,5.55877684387492,0,1,12,21,0,7,26,0,0,15,0,2,39,16,25,41,0,0,0,0,3,36,2,3,36,2,37,38,39,38.4390243902439,1.84457014623739,0,5,1,4,31,41,0,21,20,40,1,0,9,6,10,3,10,0,1,0,0,2,41,0,0,0,0,18,23,26,0,0,15,0,5,34,2,2775,3080,3340,3070.36585365854,513.045307750571,5,32,4,0,41,9.65853658536585,0.574880687515287,0,41
2016,"MUNICIPIO",421165,24,0,24,0,4,4,7,6,3,0,0,0,24,22.5,27.5,33,27.4166666666667,6.47346870707268,0,3,3,11,2,5,21,0,0,3,0,0,24,9,15,22,2,0,0,1,3,20,0,4,20,0,38,39,40,38.0833333333333,2.63614782634033,0,0,0,1,23,24,0,11,13,23,1,0,5,1,3,3,7,1,0,2,0,2,24,0,0,0,0,10,14,21,0,0,3,0,3,21,0,2992.5,3215,3385,3049.79166666667,609.350115619745,0,22,0,0,24,9.29166666666667,0.750603621828092,1,23
2016,"MUNICIPIO",421050,362,0,356,0,39,74,97,95,49,8,0,0,362,23,28,33,27.9254143646409,6.28478931211162,1,6,83,162,19,89,354,0,0,8,0,14,347,153,209,355,6,0,0,1,46,312,2,47,312,2,37,38,39,38.1689750692521,1.53359827491465,0,59,14,22,264,31,331,69,292,343,18,0,29,99,19,52,100,8,8,6,0,40,361,0,0,1,0,185,177,354,0,0,8,0,28,320,14,2890,3170,3460,3160.95303867403,466.274045302921,19,308,28,2,360,9.47790055248619,0.714556221693516,5,357
2016,"MUNICIPIO",421575,39,0,39,0,9,12,10,5,3,0,0,0,39,20,23,27.5,24.2564102564103,6.04247225770671,0,1,11,18,2,7,37,0,0,1,1,9,30,11,28,39,0,0,0,1,3,34,1,4,34,1,37.5,39,39,38.1794871794872,2.13827026591459,0,6,2,1,30,39,0,12,27,39,0,0,10,0,10,1,14,0,0,0,0,4,39,0,0,0,0,24,15,37,0,0,1,1,3,33,3,2937.5,3290,3565,3284.48717948718,517.145244374032,5,27,7,1,38,9.66666666666667,1.15470053837925,0,39
2016,"MUNICIPIO",421610,104,0,103,0,21,19,23,23,14,4,0,0,104,21,27,33,27.0865384615385,7.08767640580873,0,6,32,41,5,20,63,2,0,37,1,27,76,36,68,102,2,0,1,0,6,94,3,7,94,3,38,39,40,38.6538461538462,2.06575983702291,1,27,5,2,69,104,0,39,65,103,1,0,17,15,21,13,28,1,0,2,0,7,104,0,0,0,0,54,50,63,2,0,37,1,10,90,4,2880,3202.5,3440,3154.91346153846,522.191984012147,11,81,9,0,104,9.59615384615385,0.675784057674064,1,103
2016,"MUNICIPIO",420445,30,0,29,0,8,8,5,5,1,3,0,0,30,19.25,23.5,30,25.8,8.16806227812389,0,1,4,17,4,4,21,1,0,8,0,4,26,14,16,30,0,0,0,0,2,27,1,2,27,1,38,39,40,38.6333333333333,1.73171896528064,0,3,0,0,26,30,0,9,21,27,2,1,7,6,4,2,8,1,1,0,1,0,30,0,0,0,0,17,13,21,1,0,8,0,1,28,1,2907.5,3377.5,3616.25,3274.83333333333,474.854756983528,2,27,1,0,30,9.8,0.484234198111502,1,29
2016,"MUNICIPIO",420330,147,0,147,1,27,38,31,42,8,0,0,0,146,21,26,31,25.8367346938776,6.09293416992122,1,12,47,66,4,17,125,0,0,22,0,61,86,51,96,147,0,0,0,0,10,134,3,10,134,3,38,39,40,38.8027210884354,1.72666221594639,0,24,3,4,116,146,1,71,76,141,6,0,22,21,36,13,40,5,1,0,0,9,147,0,0,0,0,73,74,125,0,0,22,0,11,130,6,2943,3232,3505,3213.37414965986,497.143707495655,10,118,18,0,147,9.42176870748299,0.681709877511147,0,147
2016,"MUNICIPIO",420380,846,0,798,4,130,201,231,169,91,17,3,0,842,22,26,31.75,26.6903073286052,6.4875721446064,3,34,163,466,55,125,845,1,0,0,0,399,440,250,596,829,17,1,3,6,79,715,42,89,715,42,38,39,40,38.5957446808511,2.24840368905056,1,150,36,27,592,59,787,313,533,816,28,2,112,102,157,92,260,8,18,17,2,78,846,0,0,0,0,408,438,845,1,0,0,0,67,732,47,2925,3225,3530,3204.21276595745,554.205957595613,68,649,95,12,833,9.30295857988166,0.897892875336985,6,840
2016,"MUNICIPIO",420790,116,0,116,4,21,28,21,23,18,1,0,0,112,20,26,33,26.0172413793103,7.26873322929248,0,6,40,54,1,15,98,0,0,18,0,37,79,42,74,116,0,0,0,1,7,102,6,8,102,6,38,39,40,38.7844827586207,1.98606464487267,1,13,4,7,91,112,4,61,55,114,2,0,12,24,20,24,26,2,0,0,0,8,115,0,0,1,0,50,66,98,0,0,18,0,8,101,7,2955,3227.5,3527.5,3229.43103448276,532.05936615705,11,93,12,0,116,9.45689655172414,0.677492068033918,1,115
2016,"MUNICIPIO",421070,36,0,35,0,4,8,9,9,4,2,0,0,36,22.5,27.5,33,27.8611111111111,6.97814047181944,0,2,13,14,0,7,32,0,0,4,0,10,26,13,23,34,2,0,0,0,2,33,0,2,33,0,38,39,39,38.3714285714286,1.26225089064115,2,5,4,6,19,36,0,12,24,35,1,0,4,8,3,5,11,0,1,2,0,2,36,0,0,0,0,25,11,32,0,0,4,0,1,35,0,2911.25,3192.5,3508.75,3164.41666666667,419.877150400652,1,31,1,0,36,9.13888888888889,0.592947975447511,0,36
2016,"MUNICIPIO",421930,755,0,726,0,100,178,189,172,93,23,0,0,755,22,27,32,27.3139072847682,6.55041699661852,1,26,174,330,47,172,628,25,3,88,2,160,594,338,417,746,8,0,3,7,117,601,24,127,601,24,37,38,39,38.0771276595745,2.12132869064993,1,74,19,26,632,30,725,85,670,710,36,1,44,223,17,84,222,17,18,7,1,110,753,2,0,0,0,398,357,628,25,3,88,2,65,670,20,2885,3180,3475,3140.70728476821,503.017370686256,53,621,62,1,754,9.15629139072848,0.680884913264686,1,751
2016,"MUNICIPIO",420768,165,0,159,6,47,45,25,28,12,2,0,0,159,18,21,30,23.9454545454545,6.93282625071597,0,12,52,71,9,21,42,1,0,16,106,53,110,64,101,162,3,0,1,4,24,134,2,29,134,2,37,39,40,37.9818181818182,2.53385064932447,1,69,9,16,68,164,1,65,100,154,11,0,32,16,39,5,36,4,6,3,0,24,164,0,1,0,0,80,85,42,1,0,16,106,25,137,3,2770,3100,3320,3020.44242424242,545.876542277392,13,142,7,1,162,9.52760736196319,0.69666651989705,3,162
2016,"MUNICIPIO",420020,138,0,135,1,18,32,39,35,11,1,1,0,137,21,27,31,26.7028985507246,6.17199871835809,0,6,35,69,9,19,127,2,0,8,0,68,69,52,86,134,4,0,1,0,5,130,2,6,130,2,38,39,40,39.0217391304348,1.70215574482052,0,15,10,22,91,111,27,57,81,131,7,0,13,34,22,17,40,2,4,4,0,2,138,0,0,0,0,77,61,127,2,0,8,0,6,117,15,3056.25,3325,3671.25,3333.94927536232,512.322054882648,8,105,21,1,137,9.30434782608696,0.750753350616827,1,135
2016,"MUNICIPIO",421780,229,0,220,3,36,49,55,61,23,2,0,0,226,21,26,31,26.4454148471616,6.44836701944747,1,10,72,103,11,32,220,1,0,7,0,97,132,93,136,225,4,0,0,3,23,194,9,26,194,9,38,39,40,38.6026200873362,2.17727339138263,1,31,19,22,154,145,84,118,111,218,5,1,24,56,21,42,55,1,2,3,1,19,226,0,1,2,0,114,115,220,1,0,7,0,12,200,17,2980,3310,3615,3308.3711790393,509.595003666834,6,180,36,1,226,9.27312775330397,0.707313499278604,1,228
2016,"MUNICIPIO",421370,236,0,230,0,31,65,54,47,34,5,0,0,236,21,27,32,26.9025423728814,6.60713942498383,1,15,70,117,6,26,220,5,1,9,0,148,86,74,162,234,2,0,0,0,19,213,3,19,213,3,38,39,40,38.7659574468085,1.69983365145709,0,30,10,13,180,235,1,134,102,230,5,0,17,50,35,42,67,0,5,2,0,17,233,0,1,2,0,135,101,221,5,1,9,0,16,205,15,2950,3255,3651.25,3255.71186440678,545.550217696638,16,187,29,2,231,9.25751072961373,0.732700944025431,2,234
2016,"MUNICIPIO",420285,45,0,43,0,6,10,11,16,2,0,0,0,45,22,27,32,26.9333333333333,6.01286499553628,0,2,9,24,1,9,43,1,0,1,0,26,19,19,26,45,0,0,0,0,5,40,0,5,40,0,38,39,40,38.6222222222222,1.65541657609317,1,1,4,1,38,45,0,24,21,43,1,1,5,11,3,8,12,1,0,0,1,4,45,0,0,0,0,17,28,43,1,0,1,0,3,37,5,2925,3290,3545,3253,543.861529836744,2,38,5,0,45,9.22222222222222,0.670443845146593,0,43
2016,"MUNICIPIO",420040,74,0,35,0,22,17,21,8,5,1,0,0,74,19,24,27,24.0945945945946,6.43655850978094,0,7,36,20,0,9,52,2,2,18,0,39,31,24,50,74,0,0,1,2,5,49,2,8,49,2,37,39,40,38.0847457627119,2.90236607159733,0,5,5,3,27,36,38,27,47,68,5,1,7,10,4,6,23,3,2,0,1,8,74,0,0,0,0,39,35,52,2,2,18,0,4,67,3,2842.5,3080,3421,3105.71621621622,489.551388721537,6,46,7,1,73,9.67567567567568,1.13606034120212,1,72
2016,"MUNICIPIO",421850,129,0,117,0,20,23,35,26,19,6,0,0,129,21,28,32,27.5891472868217,6.80717957736166,0,7,34,57,8,22,109,2,0,14,0,29,97,45,84,128,1,0,0,1,11,110,6,12,110,6,38,39,40,38.796875,2.06340203371905,0,14,5,3,106,127,2,49,80,122,5,0,11,30,16,14,39,2,3,1,0,10,127,1,1,0,0,64,65,109,2,0,14,0,7,116,6,2870,3130,3420,3135.03100775194,470.958131399181,16,100,7,1,128,9.63565891472868,0.636616845325301,1,128
2016,"MUNICIPIO",420070,110,0,85,1,9,25,39,21,11,4,0,0,109,23.25,27,31.75,27.4636363636364,6.20398994540628,0,17,42,37,2,11,93,3,0,4,0,15,94,29,81,104,6,0,0,0,16,87,7,16,87,7,38,39,40,38.6272727272727,2.16671692163869,1,34,11,3,52,75,35,60,50,105,5,0,13,13,23,13,28,0,2,6,0,12,110,0,0,0,0,43,67,93,3,0,4,0,17,84,9,2900,3227.5,3550,3193.38181818182,588.526039142668,6,83,14,2,108,9.25454545454545,0.78326959559453,1,102
2016,"MUNICIPIO",420980,39,0,39,0,2,11,13,5,7,1,0,0,39,24,27,32,27.8717948717949,6.16944716101893,0,7,6,20,0,6,38,0,0,1,0,3,36,12,27,36,3,0,0,3,2,34,0,5,34,0,38,39,40,38.5384615384615,2.55308022268823,0,6,1,4,28,39,0,15,24,34,4,1,3,9,4,6,10,0,2,2,1,2,39,0,0,0,0,23,16,38,0,0,1,0,7,30,2,2597.5,3255,3667.5,3113.97435897436,709.795355503019,9,21,6,0,39,9.17948717948718,0.969856062890801,0,39
2016,"MUNICIPIO",421505,35,0,33,0,6,11,13,1,3,1,0,0,35,21,25,27,25.2571428571429,6.27948507228971,0,1,9,14,1,10,22,5,0,8,0,11,22,18,17,33,2,0,0,0,7,27,1,7,27,1,37.5,39,40,38.3714285714286,2.21074533992118,0,8,2,1,24,35,0,16,19,33,2,0,8,4,6,4,5,2,0,2,0,4,35,0,0,0,0,19,16,22,5,0,8,0,4,31,0,3030,3280,3530,3149.71428571429,679.635437371458,2,29,2,2,33,8.65714285714286,0.90563130866092,1,34
2016,"MUNICIPIO",420850,373,0,362,0,46,88,102,89,37,11,0,0,373,22,27,31,27.0697050938338,6.26394952266332,0,25,83,167,19,79,321,19,0,31,0,28,344,162,211,369,4,0,0,4,37,316,16,41,316,16,38,39,40,38.6300268096515,2.07969167724391,0,27,27,38,278,46,327,150,223,351,21,1,29,107,25,83,68,8,12,4,1,36,373,0,0,0,0,211,162,321,19,0,31,0,29,320,24,3000,3280,3615,3259.87935656836,540.210332322487,21,299,41,6,367,9.28954423592493,0.859371523484827,5,363
2016,"MUNICIPIO",421890,136,0,118,1,30,35,30,28,9,2,1,0,135,20,25,31.25,25.6102941176471,6.86933367205577,0,21,50,39,9,16,97,6,0,30,0,40,93,41,95,136,0,0,0,0,13,118,2,13,118,2,38,39,40,38.6315789473684,1.66730450314875,1,46,11,12,59,79,57,86,50,126,5,2,22,14,44,4,28,3,2,0,2,11,135,0,0,1,0,76,60,97,6,0,30,0,5,121,10,2950,3270,3600,3266.08823529412,476.122773936058,7,111,15,0,135,9.13333333333333,0.730977672852568,1,133
2016,"MUNICIPIO",420740,75,0,73,1,8,13,23,16,13,1,0,0,74,23.5,28,32,27.9866666666667,6.08829921960044,0,9,21,31,3,11,70,0,0,4,0,2,73,31,44,73,2,0,0,0,10,64,1,10,64,1,37,39,40,38.44,1.69450622641268,0,2,4,8,61,74,1,28,47,70,4,1,4,20,4,12,19,3,1,2,1,9,74,0,0,1,0,43,32,70,0,0,4,0,6,63,6,2947.5,3265,3522.5,3244.93333333333,500.867148953593,3,60,9,0,75,9.28,0.797970398421368,1,73
2016,"MUNICIPIO",420180,28,0,26,0,5,5,6,6,4,2,0,0,28,21,28.5,33.25,27.7142857142857,7.24623602347705,0,0,6,17,2,3,26,0,1,1,0,5,23,12,16,28,0,0,0,0,2,23,3,2,23,3,37,39,40,38.7142857142857,2.27477541190404,0,3,5,4,16,28,0,11,17,27,1,0,4,7,3,4,7,1,0,0,0,2,28,0,0,0,0,15,13,26,0,1,1,0,4,22,2,2651.25,3195,3522.5,3131.07142857143,571.408845559,4,19,3,0,28,9.42857142857143,0.572749795322816,0,26
2016,"MUNICIPIO",420090,53,0,42,0,8,12,21,6,4,2,0,0,53,22,26,29,26.4716981132075,6.02751311642291,0,7,18,21,0,3,44,1,0,1,0,10,43,18,35,51,2,0,0,3,6,41,3,9,41,3,38,39,40,38.3962264150943,2.72692855285315,0,8,15,7,21,22,31,26,27,47,5,0,9,5,11,5,11,1,2,2,0,6,53,0,0,0,0,28,25,44,1,0,1,0,4,44,5,3060,3350,3620,3307.47169811321,568.501694868375,1,41,8,0,53,9.56603773584906,0.635774329891213,1,52
2016,"MUNICIPIO",420120,128,0,100,0,10,25,48,27,16,2,0,0,128,23,28,32,27.59375,5.87861130422328,0,3,33,54,9,29,100,0,0,2,0,26,102,55,73,126,2,0,0,3,10,114,1,13,114,1,38,39,40,38.375,2.06584523511154,1,17,3,5,98,128,0,63,65,122,6,0,25,23,26,8,30,1,5,2,0,8,128,0,0,0,0,73,55,100,0,0,2,0,10,108,10,3065,3307.5,3642.5,3289.6171875,573.59166964121,5,99,22,0,128,9.171875,0.57656838480982,0,128
2016,"MUNICIPIO",421570,302,0,198,1,34,67,84,74,36,5,1,0,301,23,27,32,27.476821192053,6.25890402247917,0,11,83,142,20,45,191,5,0,8,0,111,184,141,161,294,8,0,0,2,17,275,8,19,275,8,38,39,40,38.9668874172185,1.65823112954056,1,47,19,24,197,301,1,136,166,274,24,1,51,67,46,35,58,13,8,7,1,13,299,2,1,0,0,152,150,191,5,0,8,0,16,265,21,2992.5,3330,3595,3293.66556291391,499.752879868033,12,245,33,2,299,9.06312292358804,0.756748889332578,5,297
2016,"MUNICIPIO",420110,18,0,15,0,2,5,7,4,0,0,0,0,18,21,25.5,28.75,25.1666666666667,5.10190275923659,0,2,4,9,1,2,14,0,0,2,0,3,15,6,12,16,2,0,0,0,2,16,0,2,16,0,38,39,40,38.7777777777778,1.66470472759146,0,2,2,0,12,17,1,9,9,16,2,0,3,2,3,1,6,1,0,2,0,0,18,0,0,0,0,12,6,14,0,0,2,0,2,14,2,3087.5,3440,3667.5,3328.88888888889,576.369355523807,1,13,2,1,17,9.16666666666667,1.09812674721144,0,18
2016,"MUNICIPIO",421020,25,0,19,0,3,7,7,3,4,1,0,0,25,22,26,31,27.24,6.8024505388377,1,1,3,13,3,2,18,0,0,0,2,5,20,12,13,25,0,0,0,0,5,20,0,5,20,0,37,38,40,37.92,2.27156333832011,1,5,4,6,7,25,0,12,13,24,0,0,4,3,5,2,5,0,0,0,0,5,25,0,0,0,0,14,11,19,0,0,0,2,3,20,2,2860,3240,3458,3185.92,663.543449971439,2,19,4,1,24,9.08,1.18743420870379,0,25
2016,"MUNICIPIO",420230,952,0,655,6,110,247,268,194,103,23,0,1,945,22,27,31,26.9107142857143,6.24974537561548,2,49,299,436,50,107,588,47,0,51,5,354,580,390,562,928,22,0,9,6,91,828,16,106,828,16,38,39,40,38.5547368421053,2.2678059482633,4,200,91,91,507,949,3,500,450,900,50,0,174,147,197,99,186,20,21,22,0,81,947,1,3,1,0,485,467,588,47,0,51,5,80,813,59,2960,3280,3550,3227.19852941176,552.902089702141,42,761,115,9,937,9.09302325581395,0.733054747580737,7,943
2016,"MUNICIPIO",421430,30,0,18,0,2,8,12,4,4,0,0,0,30,22.5,26.5,29.75,26.5666666666667,5.23043700510462,0,1,10,7,2,9,23,0,0,1,0,11,19,21,9,30,0,0,0,0,2,25,0,2,25,0,39,39,39,38.7407407407407,1.31829121892385,0,6,1,0,21,30,0,14,16,27,3,0,10,4,5,1,2,3,0,0,0,2,30,0,0,0,0,16,14,23,0,0,1,0,1,26,3,2999.5,3227.5,3507.5,3300.96666666667,495.530609606986,0,22,5,0,30,9.33333333333333,0.546672273590534,3,26
2016,"MUNICIPIO",421660,3202,0,2071,7,366,689,819,786,425,106,3,1,3194,23,28,33,27.8638351030606,6.49053409474375,4,90,614,1452,243,787,1892,128,0,137,0,1456,1708,1383,1819,3151,50,0,14,26,266,2827,53,306,2827,53,38,39,40,38.6607030759573,2.03765340650908,13,543,184,196,2105,1917,1285,1475,1723,3029,167,3,539,637,543,343,675,69,75,49,3,249,3185,13,2,2,0,1638,1564,1892,128,0,137,0,238,2744,220,2980,3280,3600,3259.40755777639,539.439278441622,141,2600,372,30,3166,9.0657071339174,0.847753452414407,39,3163
2016,"MUNICIPIO",420060,77,0,55,1,6,12,29,21,4,4,0,0,76,25,28,32,28.038961038961,6.15895060790126,0,8,16,35,4,13,54,1,0,2,0,17,59,35,42,75,2,0,1,2,5,68,1,8,68,1,37,39,39,38.1038961038961,2.65857310157761,0,5,4,9,56,77,0,37,40,73,4,0,15,16,13,9,10,1,3,2,0,8,77,0,0,0,0,39,38,54,1,0,2,0,6,61,10,3060,3360,3590,3349.15584415584,557.517643453056,1,60,13,2,75,9,0.888523316638639,3,74
2016,"MUNICIPIO",421190,2568,0,1419,16,348,619,683,569,267,62,4,0,2552,22,27,32,26.898753894081,6.42185582074945,2,101,633,1129,215,444,1343,60,2,103,3,1301,1209,1119,1449,2523,41,3,13,29,212,2248,52,257,2248,52,38,39,40,38.6319906140008,2.2634317540134,20,449,209,202,1510,2539,29,1266,1293,2434,115,2,477,469,456,243,543,50,52,41,2,210,2545,15,7,1,0,1271,1295,1343,60,2,103,3,201,2171,195,2980,3285,3600,3255.94078691079,577.710546085412,135,2012,336,21,2536,9.07508799374267,0.756707901815719,43,2523
2016,"MUNICIPIO",421590,29,0,23,0,2,5,6,14,2,0,0,0,29,25,30,33,28.5172413793103,5.62278965877242,0,1,3,20,3,1,23,1,0,1,0,11,18,10,19,29,0,0,0,0,2,26,1,2,26,1,38,39,40,38.8275862068966,2.12248112085229,0,3,0,1,23,26,3,12,17,27,2,0,3,5,6,2,9,1,1,0,0,2,29,0,0,0,0,14,15,23,1,0,1,0,2,26,1,3130,3535,3745,3406.79310344828,485.362558102581,0,24,4,0,29,9.13793103448276,0.742781352708207,1,28
2016,"MUNICIPIO",420830,828,0,808,6,107,190,196,191,115,22,1,0,822,22,27.5,33,27.3816425120773,6.59021672088826,0,17,169,420,53,160,771,12,1,32,0,406,421,348,480,820,8,0,3,7,102,711,5,112,711,5,37,39,40,38.31038647343,2.05640847395735,1,41,77,44,650,814,14,437,391,796,21,2,196,83,197,45,164,11,10,8,2,103,814,0,9,5,0,442,386,780,12,1,32,0,54,719,54,2967.5,3260,3572.5,3249.62031438936,519.161827722403,16,723,80,11,816,9.45223700120919,0.869766160405564,4,824
2016,"MUNICIPIO",420290,1731,0,1710,2,157,375,471,481,209,34,2,0,1729,23,28,32,27.8642403235124,6.03137732312343,3,51,380,871,111,315,1350,51,4,324,2,827,899,739,992,1695,36,0,2,14,173,1500,42,189,1500,42,38,39,40,38.6256499133449,1.93289461327797,1,175,74,151,1318,101,1630,680,1051,1632,88,11,226,382,221,195,429,39,39,34,11,155,1726,2,3,0,0,874,856,1350,51,4,324,2,137,1452,142,2960,3305,3620,3274.09185441941,555.505864547196,100,1341,249,8,1722,9.26416184971098,0.67264059064897,8,1721
2016,"MUNICIPIO",420870,129,0,119,2,11,34,29,32,16,5,0,0,127,22,28,32,27.5581395348837,6.55732769591607,1,14,35,48,8,23,121,4,0,3,0,68,60,47,82,128,1,0,3,1,13,103,8,17,103,8,38,39,40,38.3046875,2.97379259889789,0,13,27,17,66,96,33,52,77,119,9,1,11,25,25,15,28,5,4,1,1,13,129,0,0,0,0,65,63,121,4,0,3,0,11,107,11,3000,3300,3694,3272.04651162791,590.885059948013,4,95,24,2,127,9.61240310077519,1.0331238847497,2,126
2016,"MUNICIPIO",420207,139,0,132,0,22,41,25,27,20,3,1,0,139,21,27,32.5,26.7338129496403,7.02642583350484,0,5,42,67,9,16,134,1,0,4,0,91,48,52,87,135,4,0,0,4,17,107,10,21,107,10,38,39,40,38.4782608695652,2.56938003060453,0,19,10,19,85,139,0,59,80,133,6,0,19,19,31,15,25,4,2,4,0,19,138,0,0,1,0,66,73,134,1,0,4,0,8,121,10,2930,3190,3607.5,3233.15827338129,490.717638622221,6,102,20,2,137,9.55395683453237,0.772466986025974,0,139
2016,"MUNICIPIO",421225,81,0,76,2,13,21,19,15,8,2,1,0,79,20,26,31,26.2716049382716,6.87933925911314,0,2,26,37,5,10,76,2,0,3,0,54,27,33,48,81,0,0,0,1,10,65,4,11,65,4,38,39,40,38.6875,2.05982517385225,2,11,10,8,47,81,0,25,56,76,5,0,8,18,8,10,20,2,3,0,0,11,81,0,0,0,0,41,40,76,2,0,3,0,5,74,2,3020,3240,3505,3259.38271604938,449.432546882767,5,63,10,1,80,9.49382716049383,0.726695548185818,2,79
2016,"MUNICIPIO",421565,122,0,118,2,18,25,29,30,14,4,0,0,120,22,27,32,26.9344262295082,6.62544270146386,0,5,33,62,5,17,116,4,0,2,0,70,52,48,74,113,7,0,0,3,7,107,4,10,107,4,38,39,40,38.5785123966942,2.208891373954,0,24,19,21,56,122,0,45,77,113,7,0,18,19,18,13,29,3,2,7,0,10,122,0,0,0,0,49,73,116,4,0,2,0,13,105,4,2900,3220,3418.75,3112.18852459016,545.308697652069,11,91,8,1,121,9.57377049180328,0.628760196662602,0,121
2016,"MUNICIPIO",421640,87,0,83,0,12,20,27,11,13,4,0,0,87,21,26,32,26.9770114942529,7.12835316689341,0,10,24,33,7,13,85,0,0,2,0,51,36,35,52,84,2,0,0,2,9,75,1,11,75,1,37.5,39,39.5,38.1494252873563,2.20215927666875,0,8,15,17,44,86,1,40,47,83,3,0,10,21,16,10,17,0,2,2,0,8,86,0,0,1,0,40,47,85,0,0,2,0,7,73,7,3077.5,3280,3540,3252.93103448276,529.130787742775,2,71,11,0,87,9.73563218390805,0.538295546792223,0,87
2016,"MUNICIPIO",420519,39,0,38,1,4,11,7,11,2,3,0,0,38,21,27,33,27.1538461538462,7.31450779557299,0,3,8,22,2,4,38,0,0,1,0,16,23,17,22,39,0,0,0,0,4,33,2,4,33,2,38,39,40,38.6666666666667,1.91026773176368,0,5,16,2,16,39,0,9,30,38,1,0,6,9,2,4,13,1,0,0,0,4,39,0,0,0,0,21,18,38,0,0,1,0,1,35,3,3167.5,3340,3500,3353.20512820513,425.769407536594,1,33,5,0,38,9.63157894736842,0.488851529529351,0,39
2016,"MUNICIPIO",420545,409,0,392,2,53,109,114,86,38,7,0,0,407,22,26,31,26.4596577017115,6.02356165242657,1,8,126,203,26,44,366,18,0,24,0,256,153,165,244,407,2,0,1,2,47,352,6,50,352,6,38,39,40,38.4362745098039,1.93908660154521,2,56,40,50,253,408,1,146,263,393,11,0,45,100,46,58,98,3,6,2,0,45,406,0,2,1,0,217,192,366,18,0,24,0,31,353,25,2985,3240,3590,3245.31540342298,532.281300742376,26,321,56,4,403,9.12285012285012,0.669271889233341,2,406
2016,"MUNICIPIO",420460,2841,0,2801,12,379,591,758,684,332,81,4,0,2829,22,27,32,27.3579725448786,6.4579065504805,1,50,630,1298,212,650,2450,227,0,160,0,1666,1173,1204,1637,2777,64,0,12,23,282,2477,42,317,2477,42,38,39,39,38.3723554301834,2.04696124120794,8,393,186,275,1969,398,2443,972,1869,2703,119,6,285,711,321,393,688,58,43,63,6,260,2829,0,9,3,0,1428,1413,2450,227,0,160,0,260,2431,150,2925,3225,3540,3196.61879619852,541.282534121664,166,2290,304,18,2817,9.06137566137566,0.626772894064644,20,2816
2016,"MUNICIPIO",421770,440,0,410,1,62,104,114,94,57,8,0,0,439,22,27,32,27.0136363636364,6.32850120654377,1,20,114,230,22,51,418,5,0,16,0,235,205,171,269,419,14,2,7,7,51,347,24,67,347,24,38,39,40,38.2420091324201,3.12820893622178,2,61,61,51,252,393,47,181,258,401,29,1,58,72,63,34,110,10,15,14,1,53,439,0,0,1,0,218,222,418,5,0,16,0,35,387,18,2950,3280,3600,3211.44772727273,601.324761495428,26,323,56,7,433,9.6,0.929888424982114,5,429
2016,"MUNICIPIO",420195,143,0,137,3,22,34,32,28,21,3,0,0,140,21,27,33,26.7062937062937,6.91684224116652,0,5,40,79,8,11,131,4,0,6,0,98,44,48,95,140,3,0,2,5,23,99,14,30,99,14,37,39,40,38.2307692307692,3.324455494317,0,18,21,13,87,143,0,63,80,131,12,0,10,18,23,22,31,4,7,3,0,25,143,0,0,0,0,72,71,131,4,0,6,0,11,128,4,2920,3210,3535,3186.64335664336,523.629255544315,7,110,16,1,142,9.6013986013986,0.92034791446496,1,142
2016,"MUNICIPIO",421880,167,0,155,0,19,37,47,39,20,5,0,0,167,22.5,28,33,27.5389221556886,6.31764454256433,0,6,49,73,6,33,156,3,1,7,0,87,80,78,89,164,2,0,2,2,17,136,6,21,136,6,38,39,39,38.2883435582822,2.6027618910469,0,22,29,32,78,109,58,60,107,154,10,1,19,45,22,16,28,4,5,2,1,20,166,1,0,0,0,86,80,156,3,1,7,0,11,144,12,2992.5,3320,3595,3252.75449101796,574.0008759813,6,131,18,3,164,9.64071856287425,0.87275741455077,1,166
2016,"MUNICIPIO",421080,85,0,83,0,7,21,31,13,10,3,0,0,85,23,26,31,27.3176470588235,6.18987607519977,0,2,21,37,5,20,81,1,1,2,0,40,44,33,52,85,0,0,2,2,5,75,1,9,75,1,38,39,39,38.1411764705882,2.59189644292907,0,12,20,12,41,49,36,19,66,77,7,0,7,22,4,10,26,3,4,0,0,8,85,0,0,0,0,46,39,81,1,1,2,0,5,77,3,3000,3280,3510,3215.65882352941,550.44494021917,1,73,10,1,84,9.23529411764706,0.666316434613776,0,85
2016,"MUNICIPIO",421040,103,0,95,1,16,24,23,24,12,3,0,0,102,21,27,32,26.9320388349515,6.73775161183542,0,8,17,57,4,17,99,2,0,1,1,61,42,35,68,101,2,0,1,1,9,89,3,11,89,3,38,39,39,38.252427184466,2.36692257634064,0,14,21,14,51,103,0,35,68,94,4,1,9,19,17,9,29,0,3,2,1,10,103,0,0,0,0,62,41,99,2,0,1,1,4,95,4,2992.5,3335,3605,3291.45631067961,522.721775369153,2,80,17,0,103,9.32038834951456,0.613789135296507,3,99
2016,"MUNICIPIO",421840,83,0,81,1,9,25,25,18,5,0,0,0,82,21.5,26,30,25.8915662650602,5.52381109201894,1,5,30,33,3,11,75,3,0,5,0,46,37,36,47,79,4,1,0,3,13,57,9,17,57,9,37,38,39,37.9638554216867,3.430301782687,0,17,7,12,46,83,0,30,53,72,8,3,4,20,10,10,14,4,3,4,3,11,83,0,0,0,0,38,45,75,3,0,5,0,11,71,1,2852.5,3095,3435,3038.73493975904,617.512142357903,6,60,7,2,81,9.36144578313253,1.20545824960339,1,81
2016,"MUNICIPIO",420140,895,0,868,3,111,211,222,210,115,22,1,0,892,23,27,32,27.3687150837989,6.42895470803546,2,19,215,434,64,161,852,18,1,24,0,522,373,363,532,870,25,0,7,17,95,722,52,119,722,52,37,39,40,38.2777155655095,2.58122023750822,1,113,122,125,513,367,528,330,565,828,60,4,105,194,125,111,178,23,29,24,4,97,892,2,1,0,0,474,421,852,18,1,24,0,52,786,57,2947.5,3245,3540,3226.59553072626,546.104923892347,38,690,117,6,888,9.51677852348993,0.789948275446505,5,890
2016,"MUNICIPIO",421810,61,0,54,0,7,13,14,14,10,3,0,0,61,23,27,34,28.3606557377049,7.0946759072919,0,7,20,22,3,9,59,1,0,0,0,23,37,23,38,59,2,0,1,1,7,48,2,9,48,2,37,38,39,37.9322033898305,2.911714785552,0,5,4,11,40,38,23,17,44,59,2,0,4,12,8,4,18,2,0,2,0,9,59,1,1,0,0,33,28,59,1,0,0,0,5,51,5,2860,3255,3500,3209.75409836066,589.723400014439,3,42,10,1,59,9.65,0.708902230833954,1,59
2016,"MUNICIPIO",421125,27,0,26,0,3,7,5,9,3,0,0,0,27,23,28,31.5,27.4444444444444,6.06587766072411,0,4,5,12,2,4,23,1,0,3,0,12,15,12,15,27,0,0,0,0,3,24,0,3,24,0,37,38,39,38.1111111111111,1.64862024673626,0,0,2,4,21,27,0,6,21,26,0,0,2,10,3,1,7,0,0,0,0,3,27,0,0,0,0,13,14,23,1,0,3,0,2,24,1,2900,3120,3472.5,3166.2962962963,462.527738445932,0,24,3,0,27,9.2962962962963,0.608580619450185,0,27
2016,"MUNICIPIO",420150,94,0,94,1,12,23,27,16,9,6,0,0,93,22.25,26,31,27.1595744680851,6.86944800882922,0,7,22,41,7,17,89,2,0,3,0,49,45,39,55,87,7,0,1,0,14,75,4,15,75,4,38,38.5,40,38.1702127659574,2.67058166058572,0,7,8,14,65,92,2,36,58,87,6,1,14,18,12,12,18,2,4,7,1,6,94,0,0,0,0,45,49,89,2,0,3,0,11,77,6,2910,3210,3483.75,3141.06382978723,695.995346797426,5,66,14,1,93,9.54255319148936,0.728304757447655,1,93
2016,"MUNICIPIO",420160,40,0,36,0,5,8,9,8,8,2,0,0,40,23,29,34.5,29,7.17188241927442,0,6,7,18,3,6,34,1,0,3,1,8,32,13,27,40,0,0,0,0,2,36,1,2,36,1,38,39,40,39.0769230769231,1.42135249497785,0,1,0,1,38,39,1,17,23,38,1,0,2,8,7,6,12,1,0,0,0,2,40,0,0,0,0,22,18,34,1,0,3,1,3,36,1,2980,3220,3485,3210.925,436.188114411484,3,34,2,0,40,9.675,0.525625390636765,0,39
2016,"MUNICIPIO",420320,1297,0,1281,5,188,353,325,262,131,33,0,0,1292,21,26,31,26.5381649961449,6.41085359779686,0,23,389,627,87,167,1232,14,2,41,0,611,683,494,803,1272,25,0,11,10,155,1111,8,176,1111,8,37,39,40,38.3189189189189,2.30570934521481,0,92,215,149,836,1215,82,699,598,1258,31,3,307,97,319,49,308,13,16,25,3,153,1292,0,5,0,0,682,615,1235,14,2,41,0,85,1118,94,2970,3305,3630,3280.09560524287,563.952485565975,15,1108,147,16,1281,9.51195065535852,0.936265551405376,2,1295
2016,"MUNICIPIO",421350,274,0,255,0,29,67,84,48,32,13,1,0,274,22,27,32,27.4452554744526,6.63647343133561,0,6,58,154,18,37,240,1,0,17,0,156,117,99,175,264,10,0,2,4,38,229,1,44,229,1,37,39,40,38.0802919708029,2.45115923583566,0,22,41,22,186,272,2,139,134,264,8,1,50,33,71,16,52,2,3,9,1,36,270,1,2,1,0,135,139,241,1,0,17,0,22,231,21,2932.75,3275,3630,3236.63868613139,605.827818084122,4,224,36,4,270,9.46350364963504,0.972393739303023,0,274
2016,"MUNICIPIO",421280,354,0,353,2,51,82,79,82,45,13,0,0,352,21.25,27,32,27.1327683615819,6.89228329982175,1,13,115,147,20,58,322,10,0,22,0,79,275,120,234,350,4,0,1,5,31,315,2,37,315,2,38,39,40,38.5960451977401,2.03456983173782,3,48,35,35,233,349,5,205,149,335,19,0,48,47,85,43,82,8,9,4,0,28,347,0,2,5,0,159,195,322,10,0,22,0,26,309,19,2915,3240,3537.5,3207.89830508475,550.129504039957,23,296,31,7,346,9.34844192634561,1.42635665390753,2,352
2016,"MUNICIPIO",421250,375,0,375,1,54,90,103,78,40,9,0,0,374,22,27,32,26.7626666666667,6.42227851459847,0,6,105,190,21,53,337,9,0,29,0,92,283,149,226,367,8,0,2,5,42,321,5,49,321,5,38,39,40,38.464,2.19214933719798,2,54,30,52,237,364,11,201,174,363,12,0,62,67,69,41,78,3,7,8,0,40,372,0,2,1,0,171,204,337,9,0,29,0,28,321,26,3002.5,3305,3622.5,3260.00533333333,558.617712424679,13,299,55,7,368,9.432,1.16547481774689,2,373
2016,"MUNICIPIO",420710,180,0,176,1,23,40,54,44,17,1,0,0,179,22,27,31,26.6777777777778,5.91055825999159,0,5,62,91,9,13,155,4,0,21,0,73,106,65,115,171,9,0,0,0,22,158,0,22,158,0,38,39,40,38.45,1.84686054014606,1,34,9,13,120,177,3,82,98,168,10,2,28,25,39,17,38,5,3,7,2,16,177,0,1,2,0,88,92,155,4,0,21,0,18,146,16,2932.5,3267.5,3541.25,3219.58333333333,577.298446048537,11,133,27,3,177,9.48888888888889,1.04901597353187,1,179
2016,"MUNICIPIO",420210,510,0,505,4,51,154,132,100,55,14,0,0,506,22,26,32,26.8078431372549,6.3461339231869,1,29,155,237,20,68,468,11,0,31,0,101,409,178,332,497,13,0,3,2,59,431,15,64,431,15,38,39,40,38.5666666666667,2.27622603822187,1,82,32,41,352,505,5,276,234,493,16,1,65,87,108,50,121,6,7,12,1,53,503,0,2,5,0,259,251,468,11,0,31,0,38,442,30,2946.25,3290,3623.75,3242.49019607843,569.016176861795,23,403,66,5,502,9.04930966469428,0.743572269603836,4,506
2016,"MUNICIPIO",421000,168,0,165,0,29,43,42,33,18,3,0,0,168,21,26,32,26.422619047619,6.31365502748622,0,8,50,74,4,31,151,5,0,10,0,45,123,68,100,166,2,0,1,3,8,155,0,12,155,0,38,39,40,38.3952095808383,2.11978085884985,1,27,9,6,122,167,1,86,82,164,3,0,25,34,33,14,46,2,1,2,0,10,168,0,0,0,0,92,76,152,5,0,10,0,15,140,13,2972.5,3290,3592.5,3227.32142857143,591.121407850793,8,139,18,1,167,9.64880952380952,0.629987937840814,2,166
2016,"MUNICIPIO",421800,569,0,493,2,90,134,155,117,62,8,1,0,567,21,26,31,26.6151142355009,6.40679519563632,1,34,162,263,32,75,439,23,0,51,1,307,258,228,341,562,7,1,6,3,26,530,3,36,530,3,38,39,40,38.6608084358524,2.16060112760425,2,130,18,32,365,251,318,247,321,546,18,3,62,142,78,108,124,11,6,7,3,26,564,0,4,1,0,308,260,440,23,0,51,1,38,500,31,2970,3285,3610,3245.30755711775,573.098394412953,32,474,53,7,557,9.3936170212766,0.965310413337064,3,565
2016,"MUNICIPIO",420540,6235,0,5577,16,547,1121,1421,1754,1128,238,10,0,6219,24,30,34,28.9873295910184,6.51564587492438,2,225,1111,2243,494,2130,5145,472,12,392,3,2285,3927,2817,3418,6066,164,1,19,45,496,5558,94,561,5558,94,38,39,40,38.7017543859649,1.99154486419543,24,1178,306,377,3927,302,5933,3125,3105,5882,313,11,1286,1112,1167,524,1253,142,126,162,11,413,6136,20,76,3,0,3258,2976,5153,473,12,394,3,455,5392,387,2955,3270,3580,3240.23820981713,539.732777773932,310,5056,649,46,6158,9.08123791102514,0.765727261110481,69,6161
2016,"MUNICIPIO",420240,4401,0,4377,12,389,1044,1130,1116,567,134,9,0,4389,23,28,33,27.9422858441263,6.29793148950164,3,73,855,1995,408,1067,3698,138,5,546,11,2234,2167,1968,2433,4298,103,0,14,30,354,3975,28,398,3975,28,38,39,40,38.5775960009089,1.95714024708186,21,1082,155,249,2873,133,4268,2079,2322,4187,204,10,692,977,667,427,1041,99,86,100,10,302,4363,1,33,4,0,2240,2161,3698,138,5,546,11,324,3785,292,2960,3280,3590,3249.06521245172,546.239785484699,198,3599,498,23,4378,9.53056123608271,0.771088297288449,36,4365
2016,"MUNICIPIO",421540,56,0,51,0,6,11,13,17,9,0,0,0,56,23,29,32.25,28.1071428571429,6.29770108539926,0,3,13,23,1,16,51,0,0,5,0,10,44,25,31,53,3,0,1,0,6,48,1,7,48,1,38,39,40,38.2857142857143,2.92148334499188,0,5,2,0,48,56,0,17,39,52,2,0,6,17,6,5,13,0,0,3,0,4,56,0,0,0,0,37,19,51,0,0,5,0,6,48,2,2922.5,3215,3626.25,3185.91071428571,626.987959193816,2,48,3,0,56,9.625,0.557999674160869,0,55
2016,"MUNICIPIO",420890,2312,0,2307,3,202,471,622,619,317,76,2,0,2309,24,28,33,28.2871972318339,6.209361207968,3,38,382,1154,122,613,2086,37,7,180,2,284,2027,987,1325,2243,69,1,19,25,199,2066,2,244,2066,2,38,39,40,38.3334775086505,2.22120390643344,5,328,116,139,1722,39,2273,1018,1294,2179,129,4,382,458,352,187,566,51,60,68,4,184,2301,0,6,5,0,1156,1155,2086,37,7,180,2,157,1862,293,3060,3410,3740,3358.51124567474,625.089964172536,65,1703,473,26,2285,9.26006057983557,0.900866247746298,18,2293
2016,"MUNICIPIO",421060,202,0,202,1,24,42,59,55,15,6,0,0,201,23,28,32,27.2871287128713,6.01298203129892,0,6,47,92,9,48,187,4,0,11,0,18,184,94,108,196,6,0,0,0,17,184,1,17,184,1,38,39,40,38.6089108910891,1.58366028632023,0,18,5,9,170,200,2,90,112,191,10,1,34,45,35,15,44,6,2,6,1,14,201,0,0,1,0,104,98,187,4,0,11,0,12,159,31,3100,3410,3780,3419.38118811881,586.571103910566,9,137,50,1,201,9.29207920792079,0.758918209964872,2,200
2016,"MUNICIPIO",420590,829,0,819,0,108,201,214,189,101,16,0,0,829,22,27,32,27.0735826296743,6.34405190051381,0,20,222,409,39,138,717,20,2,90,0,408,421,369,460,813,16,0,5,2,52,766,3,59,766,3,38,39,40,38.6171497584541,1.82738687014879,1,140,54,78,550,311,518,320,509,795,28,6,124,199,102,93,216,16,11,16,6,45,825,1,3,0,0,403,426,717,20,2,90,0,56,712,61,3000,3325,3630,3289.7189384801,539.890811908679,35,676,101,9,820,9.49457177322075,0.86058735488378,6,821
2016,"MUNICIPIO",420220,119,0,115,0,21,23,33,24,14,4,0,0,119,22,26,32,26.8823529411765,6.68691673596276,0,6,40,61,3,9,113,0,0,6,0,46,73,58,61,118,1,0,0,2,4,110,3,6,110,3,38,39,40,38.7142857142857,2.03004073242452,0,19,3,5,88,119,0,41,78,115,4,0,20,35,9,13,33,1,3,1,0,4,119,0,0,0,0,56,63,113,0,0,6,0,7,105,7,2987.5,3320,3612.5,3278.19327731092,558.777695666856,5,96,17,0,119,9.67226890756302,0.522530409422103,0,119
2016,"MUNICIPIO",421510,120,0,120,0,10,26,34,34,12,4,0,0,120,23,28,32.25,27.9833333333333,5.93095190304141,0,6,37,54,4,19,110,0,0,10,0,42,78,54,66,118,2,0,0,0,6,112,2,6,112,2,38,39,40,38.7,1.5262410572075,0,16,3,7,94,120,0,39,81,116,4,0,13,35,20,14,29,2,1,2,0,4,120,0,0,0,0,58,62,110,0,0,10,0,6,108,6,2973.75,3257.5,3546.25,3260.75,465.580260526149,5,103,9,0,120,9.725,0.448386462962551,0,120
2016,"MUNICIPIO",420125,116,0,115,0,15,33,31,22,13,1,1,0,116,22,26,31,26.6206896551724,6.35425933482046,0,9,43,49,4,11,103,5,0,8,0,51,65,36,80,112,4,0,0,0,11,101,4,11,101,4,38,39,40,38.4568965517241,1.8807595199318,0,19,2,2,93,116,0,50,66,112,4,0,11,18,15,24,35,0,2,4,0,7,115,0,0,1,0,62,54,103,5,0,8,0,10,100,6,2932.5,3237.5,3556.25,3204.59482758621,510.632429332545,6,96,10,1,114,9.35652173913043,1.00167670264838,1,115
2016,"MUNICIPIO",420630,285,0,283,1,28,59,92,76,23,6,0,0,284,23,28,32,27.659649122807,5.82430131362936,0,15,76,146,9,39,224,7,0,54,0,136,149,123,162,278,7,0,3,1,24,248,9,28,248,9,38,39,40,38.6631578947368,2.10102520070454,0,43,8,25,207,284,1,113,172,271,13,1,36,60,33,31,81,7,4,7,1,25,284,0,1,0,0,146,139,224,7,0,54,0,20,243,22,2950,3235,3530,3222.21052631579,557.567918456239,18,227,32,0,285,9.25964912280702,0.559130250491845,4,281
2016,"MUNICIPIO",421470,104,0,100,1,9,27,27,28,8,4,0,0,103,22,28,31,27.3942307692308,6.13982427443863,0,5,27,56,3,13,90,0,0,14,0,30,74,48,56,102,2,0,0,2,8,93,1,10,93,1,38,39,40,38.5288461538462,1.94065713407183,0,10,6,5,79,104,0,43,61,101,3,0,19,22,21,8,23,2,1,2,0,6,104,0,0,0,0,60,44,90,0,0,14,0,10,85,9,2887.5,3242.5,3481.25,3177.04807692308,546.25941381429,6,86,10,1,103,9.58653846153846,0.691285237843067,0,104
2016,"MUNICIPIO",421480,926,0,901,3,98,187,260,223,121,32,2,0,923,23,28,32.75,27.9827213822894,6.49937406899886,2,33,194,406,57,234,830,24,0,66,1,543,379,401,525,898,28,0,10,7,73,835,1,90,835,1,38,39,39,38.3563714902808,2.15366373148926,3,96,64,60,694,43,883,395,531,877,48,1,82,250,98,146,223,17,20,27,1,62,925,0,1,0,0,486,440,830,24,0,66,1,83,792,51,2926.25,3245,3560,3196.98920086393,576.886270015071,46,766,85,8,917,9.0745945945946,0.73697416720732,9,910
2016,"MUNICIPIO",421820,503,0,498,0,34,121,124,129,73,22,0,0,503,23,28,33,28.3677932405567,6.35393002745692,0,12,104,246,34,106,452,7,0,43,0,192,309,248,255,495,8,0,1,4,36,460,2,41,460,2,38,39,39,38.4870775347913,1.8259233346055,0,60,20,21,399,143,360,154,349,481,22,0,83,133,61,44,117,7,13,8,0,37,502,0,1,0,0,265,238,452,7,0,43,0,28,448,27,2982.5,3280,3550,3251.96421471173,530.173070584162,25,414,55,0,503,9.63021868787276,0.584018016600355,2,501
2016,"MUNICIPIO",420515,32,0,32,0,7,7,7,4,6,1,0,0,32,20.75,26,33.25,26.40625,7.53854343336789,0,5,7,20,0,0,27,2,0,3,0,18,14,12,20,32,0,0,1,0,2,29,0,3,29,0,39,39,39.25,38.4375,2.69931293528198,0,3,1,1,27,32,0,9,23,30,2,0,4,7,5,2,9,1,1,0,0,3,32,0,0,0,0,14,18,27,2,0,3,0,4,27,1,2746.25,3067.5,3391.25,3043.75,565.196226273273,2,29,1,1,31,9.34375,0.827330530351451,0,32
2016,"MUNICIPIO",421010,765,0,736,0,102,158,212,178,89,26,0,0,765,22,27,32,27.4849673202614,6.41263040386506,0,25,166,398,48,126,762,1,0,2,0,100,664,316,449,742,23,0,1,11,75,651,27,87,651,27,38,39,40,38.4901960784314,2.25274017860211,1,138,16,27,558,74,691,365,400,727,36,1,121,145,133,81,163,12,16,23,1,69,764,1,0,0,0,387,378,762,1,0,2,0,62,663,40,2925,3220,3550,3203.79607843137,542.226940699375,44,593,91,6,759,9.37908496732026,0.936508889354056,6,759
2016,"MUNICIPIO",420270,59,0,58,0,4,13,21,14,7,0,0,0,59,23,28,31,27.4915254237288,5.61516690376173,0,7,20,25,3,4,55,0,0,4,0,18,41,33,26,57,2,0,0,0,5,53,1,5,53,1,38,39,39,38.4915254237288,1.62282088751753,0,7,3,2,46,59,0,17,42,54,5,0,7,19,2,6,13,2,3,2,0,5,59,0,0,0,0,33,26,55,0,0,4,0,2,55,2,2969,3326,3557.5,3279.83050847458,486.183985060231,3,46,8,0,59,9.23728813559322,0.597090158121681,0,59
2016,"MUNICIPIO",421150,142,0,92,0,16,34,43,31,14,4,0,0,142,23,27,31,27.2112676056338,6.23628251912754,0,8,21,53,5,20,94,0,0,6,0,27,112,60,82,141,1,0,0,6,10,122,4,16,122,4,38,39,41,38.7746478873239,2.46218021993132,0,18,4,12,65,51,91,38,104,101,5,0,15,20,17,12,25,2,3,1,0,12,141,1,0,0,0,78,64,126,0,0,7,0,18,114,10,2882.5,3310,3600,3189.78169014085,666.774006779113,14,107,19,3,139,9.01408450704225,1.12977695340236,3,139
2016,"MUNICIPIO",421120,244,0,239,1,36,69,75,41,18,4,0,0,243,22,25,30,25.9180327868852,5.8458809161805,1,7,81,120,7,28,203,25,0,15,0,146,97,97,147,238,6,0,2,2,38,195,7,42,195,7,38,39,40,38.2868852459016,2.51899616885605,1,27,21,14,180,243,1,108,136,234,8,1,18,63,36,25,55,5,2,5,1,33,243,0,0,1,0,109,135,203,25,0,15,0,22,205,17,2970,3285,3605,3233.63524590164,621.719256164006,18,180,40,3,241,9.15983606557377,0.948827288838024,1,241
2016,"MUNICIPIO",421630,450,0,432,2,66,100,119,98,54,8,3,0,448,22,27,32,27.1066666666667,6.4516153602984,0,27,152,189,29,51,360,8,1,70,0,66,384,177,273,444,6,0,3,3,36,392,16,42,392,16,38,39,39,38.5844444444444,2.15816216827378,3,54,42,222,122,185,265,140,310,435,13,0,68,87,83,41,114,6,5,6,0,38,450,0,0,0,0,205,244,361,8,1,70,0,30,388,32,3030,3355,3603.75,3295.88444444444,541.472071703191,17,352,66,3,447,9.08666666666667,0.721326419874462,3,447
2016,"MUNICIPIO",420700,770,0,763,2,82,181,231,162,89,19,4,0,768,22.25,27,32,27.3454545454545,6.35533310660036,2,28,163,401,56,120,712,22,1,33,0,452,317,316,454,752,18,0,1,6,74,673,16,81,673,16,38,39,40,38.587012987013,1.9727236655014,1,113,55,79,520,328,442,354,416,747,21,2,60,211,105,102,186,6,9,18,2,71,770,0,0,0,0,393,377,712,22,1,33,0,52,676,42,2950,3280,3555,3232.33116883117,524.357250426992,39,625,87,3,766,9.09492847854356,0.661506941520725,7,761
2016,"MUNICIPIO",420690,256,0,255,2,34,54,77,59,23,5,2,0,254,22.75,27,31,26.98828125,6.18757922310146,0,14,79,112,16,35,242,2,0,12,0,71,185,90,166,250,6,0,0,1,15,237,2,16,237,2,38,39,40,38.678431372549,1.6429656455318,0,35,11,15,194,67,189,98,158,243,13,0,27,50,35,38,75,6,6,6,0,12,256,0,0,0,0,133,123,242,2,0,12,0,12,230,14,2978.75,3305,3575,3279.76171875,508.059323635263,15,207,27,2,254,9.296875,0.755210657535301,4,252
2016,"MUNICIPIO",420170,102,0,100,0,16,26,26,23,8,3,0,0,102,21.25,26.5,30.75,26.5980392156863,6.3061494487313,0,4,39,52,3,4,86,0,0,16,0,60,41,39,63,100,2,0,0,0,11,81,10,11,81,10,38,39,40,38.9803921568627,1.94976714607111,0,22,10,8,61,102,0,35,67,98,4,0,15,20,17,6,31,2,1,2,0,8,102,0,0,0,0,50,52,86,0,0,16,0,8,87,7,2955,3357.5,3672.5,3306.38235294118,560.664440405313,10,66,19,0,102,9.80392156862745,0.527261103264158,0,102
2016,"MUNICIPIO",421450,81,0,26,1,12,17,20,20,9,2,0,0,80,22,27,32,26.9753086419753,6.73048161100299,0,0,8,14,1,5,79,1,0,1,0,30,51,22,59,79,2,0,0,1,11,65,4,12,65,4,38,39,40,38.5308641975309,2.49041371941032,0,14,10,5,52,28,53,59,22,79,2,0,7,10,21,13,15,0,2,2,0,11,80,0,0,1,0,44,37,79,1,0,1,0,5,68,8,2880,3225,3600,3233.58024691358,672.921891161923,3,65,10,2,79,9.40740740740741,0.997218353443439,1,78
2016,"MUNICIPIO",420650,572,0,572,3,58,156,156,111,71,16,1,0,569,22.75,26,32,27.0839160839161,6.36705234512999,0,13,144,321,32,62,513,6,2,51,0,71,501,213,359,562,10,0,4,6,42,520,0,52,520,0,38,39,40,38.534965034965,2.0975762425586,0,95,20,32,425,568,4,275,297,551,21,0,95,94,94,62,155,6,13,10,0,43,569,0,2,1,0,277,295,513,6,2,51,0,43,464,65,3050,3410,3720,3359.27447552448,633.467058909848,21,429,112,5,567,9.27272727272727,0.912507510661263,2,570
2016,"MUNICIPIO",420260,131,0,121,1,26,40,32,23,8,1,0,0,130,20,24,29,25.0076335877863,6.15879131898972,0,14,44,57,3,12,106,6,0,19,0,41,90,41,90,131,0,0,0,0,17,108,6,17,108,6,38,39,40,38.824427480916,2.16788062412804,1,35,2,8,77,119,12,88,43,127,3,0,19,12,26,19,34,2,1,0,0,17,131,0,0,0,0,66,65,106,6,0,19,0,8,113,10,3007.5,3320,3575,3283.93129770992,540.407968267275,7,105,16,6,125,8.70229007633588,1.18772346230121,0,131
2016,"MUNICIPIO",420280,469,0,458,1,61,105,143,106,41,12,0,0,468,22,27,32,27.0554371002132,6.00437138397142,0,23,113,206,33,94,424,9,0,31,0,141,326,189,280,457,12,0,2,3,48,401,15,53,401,15,38,39,40,38.4690831556503,2.15668395831698,1,55,30,47,332,110,359,178,291,452,14,3,66,103,67,48,114,6,6,12,3,44,469,0,0,0,0,245,224,424,9,0,31,0,30,408,31,3000,3296,3600,3279.03411513859,511.094517355917,22,369,59,4,465,9.1044776119403,0.598931736002415,4,465
2016,"MUNICIPIO",421700,194,0,190,1,28,45,56,38,24,2,0,0,193,21.25,26,31,26.4381443298969,6.25940028081237,0,10,43,98,9,34,175,1,0,16,0,72,122,92,102,194,0,0,1,2,16,166,9,19,166,9,38,39,39,38.4278350515464,2.13712519450859,0,26,20,19,127,194,0,72,122,177,15,2,35,37,23,25,43,12,3,0,2,14,194,0,0,0,0,102,92,175,1,0,16,0,12,172,10,3003.75,3300,3611,3256.58762886598,530.456011714729,10,158,24,1,193,9.1340206185567,0.559956807723308,1,193
2016,"MUNICIPIO",420610,73,0,69,0,6,10,27,18,11,1,0,0,73,25,28,32,28.4109589041096,5.91569385532706,0,4,22,31,1,15,66,2,0,5,0,16,55,27,46,69,4,0,0,3,7,60,3,10,60,3,38,38,39,38.1095890410959,2.54712061745773,0,5,8,7,51,73,0,25,48,69,2,2,9,14,10,9,18,0,1,4,2,6,73,0,0,0,0,36,37,66,2,0,5,0,6,67,0,3032,3278,3510,3210.21917808219,539.619316601357,2,59,8,3,70,8.84931506849315,1.22101088443497,0,73
2016,"MUNICIPIO",421560,28,0,28,0,2,5,6,10,3,2,0,0,28,24.75,30,33.25,29.0357142857143,6.08265379983747,0,0,7,13,1,7,27,1,0,0,0,8,20,11,17,24,4,0,0,0,5,23,0,5,23,0,37,39,39,38.1785714285714,1.63420773484735,0,3,0,1,24,28,0,12,16,26,1,1,3,8,4,1,7,0,0,3,1,1,28,0,0,0,0,11,17,27,1,0,0,0,3,24,1,2949,3233,3383.5,3141.92857142857,600.721722015766,1,20,3,0,28,9.14285714285714,0.590936840285279,0,28
2016,"MUNICIPIO",421170,289,0,282,3,38,75,79,59,23,11,1,0,286,22,26,31,26.7820069204152,6.55141694703068,1,7,72,144,15,50,267,8,0,12,0,122,163,141,148,284,5,1,1,2,37,244,4,41,244,4,37,38,39,38.083044982699,2.16987496472789,0,40,15,25,209,121,168,71,218,281,7,1,31,89,26,40,53,5,2,4,1,38,288,0,1,0,0,155,134,267,8,0,12,0,23,255,11,2916,3250,3520,3193.50173010381,525.110227347604,15,233,34,1,287,9.05555555555556,0.730402760143181,2,285
2016,"MUNICIPIO",420620,143,0,142,0,24,32,35,30,19,3,0,0,143,21,27,32,26.8741258741259,6.85551811549874,0,4,31,78,8,22,127,4,0,12,0,89,54,56,87,141,2,1,0,1,12,122,7,14,122,7,38,39,40,38.3916083916084,2.50923636056242,2,15,19,16,90,143,0,63,80,132,10,1,18,28,25,15,33,3,6,2,1,12,143,0,0,0,0,71,72,127,4,0,12,0,12,124,7,2944,3180,3465,3181.72027972028,527.416616540224,7,116,14,2,141,9.48951048951049,0.720593777724197,4,139
2016,"MUNICIPIO",421490,52,0,50,0,2,15,18,8,7,2,0,0,52,23.75,26.5,33.25,28.1346153846154,5.95745980264666,0,0,6,28,0,18,51,0,0,1,0,18,33,32,20,52,0,0,0,0,3,43,6,3,43,6,38,39,40,39,1.79323346904685,0,2,1,0,48,15,37,18,34,51,1,0,12,17,5,2,13,1,0,0,0,2,52,0,0,0,0,32,20,51,0,0,1,0,2,46,4,3192,3394,3694.5,3408.76923076923,469.901308594693,3,41,6,1,51,9.55769230769231,1.17845797446779,0,52
2016,"MUNICIPIO",421900,189,0,184,0,19,41,47,56,21,5,0,0,189,23,28,33,27.9417989417989,6.15161273974444,0,2,39,101,12,35,180,6,0,3,0,103,86,96,93,183,6,0,0,3,19,165,2,22,165,2,38,39,40,38.3862433862434,2.06645476139053,0,25,11,8,145,156,33,71,118,186,3,0,22,60,20,26,36,2,1,6,0,16,187,0,1,1,0,91,98,180,6,0,3,0,14,171,4,2975,3260,3510,3199.50793650794,519.254238338428,9,158,16,0,187,9.18716577540107,0.510371980414552,0,186
2016,"MUNICIPIO",420960,217,0,211,0,33,58,59,48,15,4,0,0,217,22,26,31,26.3870967741935,5.99285217408257,2,6,53,113,12,31,202,4,0,11,0,114,103,85,132,213,4,0,0,4,18,187,6,22,187,6,38,39,40,38.5255813953488,2.13953582869488,0,48,24,40,105,97,120,66,151,198,15,0,31,40,31,14,59,6,9,4,0,17,216,0,1,0,0,107,110,202,4,0,11,0,10,194,13,3000,3290,3550,3251.09216589862,516.524255268749,8,173,27,2,215,9.05529953917051,0.808909890399928,3,214
2016,"MUNICIPIO",421710,36,0,36,0,6,6,17,7,0,0,0,0,36,23.75,26.5,28,25.4722222222222,4.8784430251061,0,0,10,19,3,4,34,0,0,2,0,15,21,19,17,32,4,0,0,2,4,24,6,6,24,6,37,39,40,38.4722222222222,3.13948231502412,0,4,7,3,22,36,0,13,23,31,5,0,9,5,3,3,6,3,1,4,0,2,36,0,0,0,0,19,17,34,0,0,2,0,7,25,4,2695,3247.5,3560,3122.52777777778,713.699395948867,5,21,4,0,36,9.61111111111111,0.64488217208496,0,36
2016,"MUNICIPIO",421870,1340,0,1331,4,114,280,374,354,178,34,2,0,1336,23,28,33,28.0977611940299,6.2196653411277,2,17,235,632,89,364,1207,61,1,66,2,716,623,573,767,1307,33,1,14,11,162,1065,86,188,1065,86,38,39,40,38.3905899925317,2.66387018455645,7,141,130,171,888,24,1316,443,897,1216,100,24,121,337,117,179,308,37,55,26,24,135,1339,0,1,0,0,662,677,1207,61,1,66,2,127,1154,59,2885,3215,3520,3161.05298507463,584.661505791206,83,1044,132,11,1329,9.62014925373134,0.722856321994481,13,1327
2016,"MUNICIPIO",421270,63,0,63,0,6,17,20,11,9,0,0,0,63,23.5,27,31.5,27.0634920634921,5.79731032148924,0,5,15,33,1,9,59,1,0,3,0,3,60,23,40,61,2,0,0,1,6,55,1,7,55,1,38,39,40,38.7619047619048,1.98148108270203,0,3,2,0,58,63,0,26,37,61,2,0,3,15,8,11,18,1,0,2,0,5,63,0,0,0,0,28,35,59,1,0,3,0,4,56,3,3197.5,3415,3667.5,3379.7619047619,479.36990613976,2,51,8,1,62,9.3015873015873,0.754233655824298,4,59
2016,"MUNICIPIO",420970,166,0,156,4,40,46,31,28,11,6,0,0,162,19,24,30,25.0843373493976,6.97476806483434,0,8,75,62,6,10,148,1,0,11,0,20,144,57,109,160,6,0,0,0,14,148,2,14,148,2,38,39,40,38.7926829268293,1.6484817694614,0,35,19,15,91,161,5,60,106,149,10,2,22,27,24,24,41,0,7,5,2,9,165,0,0,1,0,94,72,151,1,0,13,0,15,141,10,2847.5,3210,3580,3183.04819277108,559.992725139207,20,121,17,3,162,9.27878787878788,0.940860262737524,2,163
2016,"MUNICIPIO",421440,71,0,70,1,12,16,24,12,5,1,0,0,70,20.5,26,29.5,25.830985915493,6.009482781388,0,9,20,29,1,12,67,0,0,4,0,10,61,31,40,71,0,0,0,0,8,62,1,8,62,1,38,39,40,38.6478873239437,1.48418897092266,0,9,7,5,49,71,0,27,44,69,2,0,13,12,14,8,14,1,1,0,0,8,71,0,0,0,0,39,32,67,0,0,4,0,3,66,2,2912.5,3140,3460,3184.92957746479,396.566057330884,6,62,3,0,71,9.35211267605634,0.611756056641062,1,70
2016,"MUNICIPIO",420315,58,0,56,0,15,24,8,6,3,2,0,0,58,19.25,22,27,24.1034482758621,6.61918968691129,1,4,29,21,0,3,53,0,0,4,0,10,48,13,45,58,0,0,0,1,2,55,0,3,55,0,38,39,39,38.448275862069,1.64554063843482,1,16,8,10,22,58,0,30,28,56,2,0,9,3,11,13,17,0,2,0,0,3,58,0,0,0,0,31,27,53,0,0,4,0,6,51,1,2790,3187.5,3440,3136.36206896552,450.023652332633,5,49,4,3,55,9.12068965517241,1.28524127309488,1,57
2016,"MUNICIPIO",421005,26,0,25,0,4,6,2,10,1,3,0,0,26,22.25,30.5,33,28.3076923076923,7.91843030287812,0,4,10,6,2,4,24,0,0,2,0,1,25,7,19,26,0,0,1,0,0,25,0,1,25,0,38.25,39,39,38.3461538461538,3.01916952412159,0,0,3,6,17,25,1,11,15,24,2,0,2,3,4,8,6,1,1,0,0,1,25,0,0,1,0,14,12,24,0,0,2,0,1,23,2,2867.5,3162.5,3476.25,3136.15384615385,630.77303000732,2,21,3,0,25,9.16,0.62449979983984,0,26
2016,"MUNICIPIO",421825,97,0,96,3,37,27,14,10,4,2,0,0,94,18,21,28,22.8556701030928,6.58753508959922,1,3,39,49,2,3,97,0,0,0,0,16,81,37,60,97,0,0,1,2,8,83,3,11,83,3,37,39,39,38.2164948453608,2.49260073402139,1,14,19,15,47,86,11,37,60,94,3,0,14,17,14,4,35,1,2,0,0,10,86,11,0,0,0,52,45,97,0,0,0,0,10,84,3,2845,3130,3445,3100.79381443299,618.821695141668,9,79,8,1,96,9.21649484536082,1.10138931320582,0,97
2016,"MUNICIPIO",420550,570,0,559,4,121,156,128,96,50,15,0,0,566,20,25,30,25.4964912280702,6.5969174489734,1,31,222,213,33,70,533,7,2,22,2,263,304,218,352,558,12,1,1,6,87,441,34,95,441,34,37,38,39,38.2228070175439,2.43318573269541,3,75,12,18,456,53,517,205,365,560,8,1,67,114,66,71,144,3,5,12,1,86,569,1,0,0,0,297,273,533,7,2,22,2,53,503,14,2831.25,3140,3418.75,3112.22631578947,486.789156938907,33,463,44,7,563,8.93333333333333,0.609627888845988,3,567
2016,"MUNICIPIO",421550,287,0,285,6,80,70,72,36,17,5,1,0,281,19,23,28,24.1637630662021,6.58439114640381,2,15,112,140,3,15,261,6,1,18,1,43,243,16,271,287,0,0,0,4,15,259,8,19,259,8,38,39,40,38.6223776223776,2.05299676828416,1,119,31,27,109,47,240,113,174,275,12,0,3,8,79,10,156,1,11,0,0,18,287,0,0,0,0,154,133,261,6,1,18,1,26,251,10,2882.5,3155,3427.5,3118.00696864111,539.990462186109,30,232,24,3,284,9.63066202090592,0.951351953388903,1,286
2016,"MUNICIPIO",420310,62,0,62,2,7,16,17,14,6,0,0,0,60,22.25,26,31,26.241935483871,6.02096197278613,0,1,19,27,1,14,41,3,0,18,0,12,50,27,35,62,0,0,0,0,4,57,1,4,57,1,38,39,39,38.5322580645161,1.44537410138922,0,6,1,4,51,21,41,7,55,60,2,0,7,17,5,5,22,1,1,0,0,4,62,0,0,0,0,28,34,41,3,0,18,0,1,56,5,3035,3255,3583.75,3307.58064516129,454.752447460932,1,50,11,0,62,9.58064516129032,0.641422269463018,0,62
2016,"MUNICIPIO",420130,549,0,540,8,90,151,136,104,45,14,1,0,541,21,25,31,25.9125683060109,6.54961458701829,1,20,183,279,20,46,459,24,0,58,8,158,390,204,345,541,8,0,3,5,53,470,18,61,470,18,38,39,40,38.7322404371585,2.19473463481738,1,90,36,42,376,544,5,317,231,525,24,0,56,117,96,87,112,6,15,8,0,52,544,0,3,2,0,289,260,459,24,0,58,8,28,473,48,3015,3315,3630,3313.09653916211,540.662596804043,28,433,77,4,542,9.18864468864469,0.723865258217513,5,544
2016,"MUNICIPIO",420340,89,0,83,1,17,24,19,17,11,0,0,0,88,20,25,31,25.7078651685393,6.59063082784088,1,10,28,36,3,8,61,5,0,20,0,26,62,38,51,89,0,0,0,1,8,70,7,9,70,7,38,39,40,38.6511627906977,2.10191756630472,1,21,6,3,53,86,3,47,42,82,3,0,9,22,14,14,14,3,0,0,0,9,88,1,0,0,0,35,54,64,5,0,20,0,5,83,1,2900,3230,3470,3174.59550561798,461.037188381241,7,72,6,1,88,8.82022471910112,0.649506766582588,2,86
2016,"MUNICIPIO",421535,40,0,38,0,6,8,8,12,4,2,0,0,40,22,28,32.25,27.8,6.75657324768126,0,2,7,20,2,9,37,0,0,2,0,9,31,13,27,40,0,0,0,0,2,36,2,2,36,2,38,39,40,39.05,1.60048069702151,0,0,0,3,36,40,0,12,28,38,2,0,4,9,3,8,12,0,2,0,0,2,40,0,0,0,0,16,24,37,0,0,2,0,4,34,2,3028.75,3282.5,3527.5,3240.875,452.583931159282,2,33,4,0,40,9.55,0.638507875982989,1,39
2016,"MUNICIPIO",421520,46,0,46,0,4,9,10,14,7,2,0,0,46,23,29.5,33.75,28.7608695652174,6.33222721080627,0,4,13,20,2,7,42,0,0,4,0,13,33,17,29,44,2,0,0,0,6,38,2,6,38,2,38,39,40,38.6086956521739,2.02734923669708,0,7,1,8,30,46,0,21,25,44,2,0,5,12,3,8,8,0,2,2,0,6,46,0,0,0,0,26,20,42,0,0,4,0,6,39,1,2848.75,3068.5,3330,3073.82608695652,632.567723360654,2,39,3,0,46,9.69565217391304,0.552552268714767,0,46
2016,"MUNICIPIO",421568,34,0,34,0,7,6,12,4,3,2,0,0,34,21,26,29.75,26.5882352941176,6.78732172402217,0,1,12,16,1,4,33,0,0,1,0,4,30,13,21,34,0,0,0,0,1,33,0,1,33,0,39,39,40,39.1470588235294,1.07681778490582,0,6,3,2,23,34,0,7,27,33,1,0,4,9,2,8,9,0,1,0,0,1,34,0,0,0,0,18,16,33,0,0,1,0,1,30,3,3046.25,3257.5,3595,3344.26470588235,449.673505046517,1,27,6,0,34,9.67647058823529,0.534879665611333,1,33
2016,"MUNICIPIO",421755,35,0,35,1,6,7,8,6,3,4,0,0,34,21.5,27,34,27.8285714285714,8.08588353892399,0,2,6,23,0,4,34,0,0,1,0,1,34,13,22,35,0,0,0,0,4,31,0,4,31,0,38,38,39,38.0571428571429,1.67933560291768,0,5,1,1,28,35,0,13,22,35,0,0,2,10,4,5,10,0,0,0,0,4,35,0,0,0,0,18,17,34,0,0,1,0,3,32,0,2710,2995,3315,3062.85714285714,461.616860665228,3,28,4,0,35,9.54285714285714,0.700540007794707,1,34
2016,"MUNICIPIO",420360,550,0,522,8,95,157,142,88,51,9,0,0,542,21,25,30,25.5909090909091,6.46286217665897,0,17,205,212,42,73,425,10,0,107,0,75,473,234,316,540,8,0,4,5,36,489,14,45,489,14,38,39,39,38.5237226277372,2.04013280827303,1,117,65,78,277,30,520,157,390,515,31,2,72,124,46,80,146,15,12,8,2,41,549,1,0,0,0,286,264,425,10,0,107,0,40,487,23,2896.25,3217.5,3493.75,3179.87272727273,533.363201163171,45,436,53,2,548,9.88909090909091,0.448097669905935,5,544
2016,"MUNICIPIO",421915,28,0,28,2,3,4,6,9,3,1,0,0,26,21.75,26.5,31,26.7142857142857,7.14328041073952,0,1,16,6,0,5,25,0,0,3,0,3,25,6,22,28,0,0,0,0,3,25,0,3,25,0,38,39,39.25,38.4642857142857,1.85556506033114,1,2,4,2,19,28,0,11,17,28,0,0,1,4,5,3,12,0,0,0,0,3,28,0,0,0,0,14,14,25,0,0,3,0,2,22,4,2910,3442.5,3866.25,3338.5,665.379062111438,2,17,9,0,28,9.82142857142857,0.39002102778748,0,28
2016,"MUNICIPIO",420415,35,0,33,0,4,9,10,10,1,1,0,0,35,22.5,27,31,26.7428571428571,5.91281189771966,0,1,7,15,0,11,33,0,0,1,0,2,33,15,20,35,0,0,0,0,3,31,1,3,31,1,37.5,38,39,38.3714285714286,1.33031872089348,0,2,2,4,27,35,0,8,27,34,1,0,7,5,4,6,9,1,0,0,0,3,35,0,0,0,0,20,15,33,0,0,1,0,0,34,1,2947.5,3130,3350,3151,349.722158627809,3,30,2,0,35,10,0,0,35
2016,"MUNICIPIO",421105,161,0,157,3,39,40,32,28,15,4,0,0,158,19,24,31,25.1614906832298,6.90914305568897,0,9,74,55,1,19,139,4,0,15,0,21,140,73,88,159,2,0,1,0,12,142,3,13,142,3,38,39,40,38.8164556962025,2.03109147524852,0,28,6,26,97,158,3,73,88,153,5,0,16,48,21,24,32,4,1,2,0,10,160,0,1,0,0,83,78,141,5,0,15,0,10,142,9,2815,3125,3445,3126.5900621118,521.9469617697,15,131,9,1,160,9.3167701863354,0.701982551852673,1,160
2016,"MUNICIPIO",420675,23,0,20,0,4,7,5,5,2,0,0,0,23,22.5,25,31.5,25.7826086956522,6.37435573742113,0,2,3,13,0,5,22,0,0,1,0,9,13,8,15,21,2,0,0,0,6,15,1,6,15,1,36.25,38,40,38.1818181818182,2.50021644084712,0,6,2,3,12,23,0,5,18,20,2,0,2,3,1,0,6,0,2,2,0,5,23,0,0,0,0,11,12,22,0,0,1,0,0,23,0,2910,3150,3507.5,3186.52173913043,389.32469150443,0,17,2,0,23,9.52173913043478,0.593109312122548,0,23
2016,"MUNICIPIO",420005,27,0,26,0,7,5,6,6,1,2,0,0,27,19.5,27,30,25.8888888888889,7.50042733825282,2,2,10,8,2,3,18,0,0,8,0,5,22,13,14,27,0,0,0,0,0,27,0,0,27,0,38,39,39,38.7037037037037,0.868899162725891,0,8,4,5,10,27,0,8,19,26,1,0,10,3,4,5,4,0,1,0,0,0,27,0,0,0,0,10,17,18,0,0,8,0,2,25,0,3042.5,3190,3355,3179.62962962963,395.286959849146,3,22,2,0,27,9.88888888888889,0.320256307610174,0,27
2016,"MUNICIPIO",420100,102,0,64,3,17,27,23,21,7,4,0,0,99,20,25,31,25.7352941176471,7.06115642870615,1,0,19,36,3,8,54,1,0,12,0,23,77,44,58,102,0,0,0,1,15,78,5,16,78,5,38,40,41,39.1818181818182,2.30068151554981,0,10,7,6,44,62,40,64,38,62,5,0,8,19,5,8,12,2,3,0,0,10,101,1,0,0,0,45,57,54,1,0,12,0,14,85,3,2801.25,3230,3565,3140.24509803922,565.595006704794,11,79,8,4,98,8.83333333333333,1.1864193015439,1,99
2016,"MUNICIPIO",421985,45,0,36,0,5,11,10,11,8,0,0,0,45,21,29,33,27.4,6.65855567194295,0,1,22,15,1,6,42,1,0,1,0,2,41,16,29,45,0,0,0,1,3,40,1,4,40,1,38,38,40,38.4,2.21974609522637,0,10,4,8,17,45,0,10,35,41,3,1,9,5,5,2,17,0,3,0,1,3,45,0,0,0,0,25,20,42,1,0,1,0,4,41,0,2780,3120,3460,3092.11111111111,599.842298298714,7,33,5,0,45,9.82222222222222,0.613814040868793,1,44
2016,"MUNICIPIO",420390,318,0,277,1,37,73,100,66,33,8,0,0,317,23,27,32,27.122641509434,6.08515206467833,0,15,109,133,8,51,296,4,0,9,0,42,267,124,194,314,4,0,2,4,27,276,8,33,276,8,38,39,40,38.5299684542587,2.17069470569466,1,50,17,20,204,85,233,73,245,303,14,1,52,56,44,19,99,3,9,4,1,30,318,0,0,0,0,170,148,296,4,0,9,0,26,276,16,2875,3160,3494.5,3142.70754716981,561.012586671127,25,254,33,1,317,9.76100628930818,0.630048012760165,0,318
2016,"MUNICIPIO",421030,121,0,115,4,19,28,33,23,12,2,0,0,117,21,26,31,25.8595041322314,6.63237738311581,0,8,32,68,3,10,119,0,0,1,0,25,95,48,73,117,4,0,0,1,13,102,5,14,102,5,38,39,40,38.5454545454545,1.88856206322871,0,23,2,4,87,76,45,54,67,109,8,4,23,18,20,9,28,1,6,4,4,8,121,0,0,0,0,66,55,119,0,0,1,0,10,109,2,2960,3265,3480,3184.62809917355,495.327822965616,5,104,7,1,120,9.27272727272727,0.806225774829855,1,120
2016,"MUNICIPIO",420213,53,0,53,1,11,10,8,17,2,4,0,0,52,21,27,33,26.9622641509434,7.41350707039041,1,4,14,24,2,8,53,0,0,0,0,19,34,19,34,51,2,0,1,0,2,49,1,3,49,1,38,39,40,38.6415094339623,2.51223421573646,0,16,0,1,36,53,0,33,20,53,0,0,7,11,12,8,12,0,0,2,0,1,53,0,0,0,0,27,26,53,0,0,0,0,3,44,6,2930,3315,3630,3296.69811320755,626.530390474939,4,38,8,0,53,9.32075471698113,0.727841511321196,0,53
2016,"MUNICIPIO",421110,131,0,118,1,29,29,34,26,7,4,1,0,130,20,26,30,25.7251908396947,6.75397710197994,1,7,45,68,1,9,130,0,0,1,0,25,106,50,81,125,6,1,0,3,20,100,6,24,100,6,38,39,40,38.1769230769231,3.0587664956085,0,40,8,15,56,130,1,70,61,126,5,0,21,11,36,11,23,1,2,6,0,19,131,0,0,0,0,65,66,130,0,0,1,0,16,103,12,2975.5,3340,3655.5,3263.11450381679,669.428213434321,4,94,23,3,127,9.36153846153846,1.09263812852407,0,130
2016,"MUNICIPIO",421180,76,0,68,1,6,19,30,16,3,1,0,0,75,22.75,27,30,26.5,5.41971708978738,1,6,15,32,3,19,71,0,0,1,0,10,65,34,42,67,9,0,0,5,12,59,0,17,59,0,37,39,40,37.9078947368421,2.65419231445373,0,13,5,13,42,76,0,18,58,70,6,0,11,17,6,3,20,0,2,9,0,8,76,0,0,0,0,37,39,71,0,0,1,0,11,65,0,2822.5,3150,3436.25,3035.46052631579,589.685327176893,5,58,4,0,75,9.70666666666667,0.652921363034099,0,76
2016,"MUNICIPIO",421310,55,0,51,0,7,14,17,8,6,3,0,0,55,22,27,30,27.0909090909091,6.68129707764373,0,1,7,33,2,11,51,1,0,2,0,19,35,19,36,55,0,0,0,1,3,49,2,4,49,2,37,38,39,38.3090909090909,2.13327020108606,0,8,2,3,41,55,0,13,42,50,2,0,6,11,5,5,19,1,1,0,0,4,55,0,0,0,0,24,31,52,1,0,2,0,7,46,2,2797.5,3120,3507.5,3128.81818181818,639.069754811751,7,42,6,1,54,9.18181818181818,0.747611235150034,1,53
2016,"MUNICIPIO",420075,21,0,19,0,1,2,4,11,3,0,0,0,21,27,31,34,29.952380952381,5.26760088157968,0,0,5,11,2,3,19,0,0,2,0,2,19,6,15,21,0,0,0,0,2,18,0,2,18,0,38,38,39,38.3,1.38031270293899,0,3,2,2,12,21,0,3,18,20,1,0,2,3,2,0,10,1,0,0,0,2,21,0,0,0,0,9,12,19,0,0,2,0,2,19,0,2965,3160,3360,3111.66666666667,360.282296724851,1,19,0,0,21,9.33333333333333,0.483045891539648,2,19
2016,"MUNICIPIO",420410,55,0,54,0,4,15,20,7,7,2,0,0,55,22,26,32,27.3090909090909,6.1610266318406,0,2,16,24,1,12,44,0,1,10,0,13,42,23,32,55,0,0,0,1,3,50,1,4,50,1,38,39,39,38.4545454545455,1.73010577516694,0,7,2,7,39,45,10,14,41,53,2,0,5,15,1,13,15,0,2,0,0,4,54,0,0,1,0,33,22,44,0,1,10,0,2,49,4,3042.5,3295,3680,3350.09090909091,537.952643954881,2,45,8,1,53,9.18518518518519,0.778825290411095,0,55
2016,"MUNICIPIO",420050,86,0,85,1,17,25,13,16,11,3,0,0,85,21,24.5,31,26.1279069767442,7.07072924374167,2,4,34,34,4,8,74,10,0,2,0,13,72,39,47,86,0,0,1,0,15,68,2,16,68,2,37,38,39,37.7790697674419,2.3283478757199,0,13,6,6,61,86,0,28,58,84,1,1,6,26,6,10,20,0,1,0,1,16,86,0,0,0,0,48,38,74,10,0,2,0,6,77,3,3033.75,3170,3450,3163.77906976744,553.823042478643,4,73,9,1,85,9.74418604651163,1.06479544030079,0,85
2016,"MUNICIPIO",420440,114,0,108,1,15,23,31,27,14,3,0,0,113,22,28,32,27.3859649122807,6.6618830842973,0,5,24,56,6,22,86,2,0,25,1,29,85,52,62,110,4,0,1,1,10,98,3,12,98,3,38,39,39,38.3982300884956,2.31277439688187,1,11,12,11,79,93,21,39,75,99,9,1,10,35,9,11,25,2,5,4,1,7,114,0,0,0,0,64,50,86,2,0,25,1,9,98,7,2867.5,3232.5,3557.5,3207,591.456234962576,8,91,9,2,112,9.30701754385965,1.09808516347238,2,112
2016,"MUNICIPIO",421145,31,0,31,0,5,7,8,6,3,2,0,0,31,20.5,26,31,26.8064516129032,7.39558136023896,0,0,11,13,2,5,26,0,0,5,0,3,28,13,18,31,0,0,0,0,1,30,0,1,30,0,38,39,40,39.0322580645161,1.62242351576773,0,4,2,0,25,31,0,14,17,30,1,0,0,11,5,9,4,1,0,0,0,1,31,0,0,0,0,15,16,26,0,0,5,0,1,29,1,3047.5,3230,3562.5,3272.32258064516,413.844446388316,3,27,1,0,31,9.29032258064516,0.528743692608355,2,29
2016,"MUNICIPIO",420080,64,0,63,0,4,13,27,11,7,2,0,0,64,24,26.5,32,27.703125,5.72845774834756,0,7,17,27,2,11,55,0,0,9,0,26,38,27,37,64,0,0,1,0,5,54,4,6,54,4,38,39,40,38.796875,2.61970365160302,0,11,2,3,47,62,2,28,36,61,3,0,8,16,6,5,21,1,2,0,0,5,62,2,0,0,0,35,29,55,0,0,9,0,5,53,6,3053.75,3362.5,3672.5,3315.109375,635.892326844164,2,53,8,1,63,9.578125,0.812690759047542,2,62
2016,"MUNICIPIO",421970,452,0,446,3,57,110,117,109,51,5,0,0,449,22,27,32,26.896017699115,6.11133090912602,1,14,144,164,36,93,298,15,0,136,0,158,291,182,270,432,20,0,4,2,50,384,12,56,384,12,38,38,39,38.2300884955752,2.17222478678012,1,57,23,47,322,120,332,90,362,430,19,2,112,40,72,11,143,5,9,18,2,40,451,0,1,0,0,228,224,298,15,0,136,0,40,402,10,2807.5,3077.5,3350,3065.33185840708,526.579529122194,41,367,24,3,448,9.54545454545454,0.802521279493824,4,448
2016,"MUNICIPIO",421100,126,0,113,0,20,36,36,20,12,2,0,0,126,21,26,30,26.0079365079365,6.17283861022921,0,4,22,67,8,15,101,0,0,14,0,48,77,56,70,123,3,0,2,0,8,109,7,10,109,7,38,39,40,38.8253968253968,2.39024472413806,0,16,11,12,75,116,10,72,54,111,5,0,16,31,17,18,20,2,2,3,0,7,126,0,0,0,0,73,53,111,0,0,14,0,14,102,10,2882.5,3370,3647.5,3259.65873015873,619.358341029791,12,90,20,3,123,9.48412698412698,1.23115637989089,3,123
2016,"MUNICIPIO",420665,97,0,97,1,14,30,25,21,4,2,0,0,96,21,25,30,25.5567010309278,5.7099494163057,0,5,30,46,6,10,63,4,0,30,0,21,76,40,57,93,4,0,0,3,5,89,0,8,89,0,38,39,40,38.2783505154639,2.29465986968129,1,22,8,13,53,97,0,38,59,89,7,1,6,23,9,20,24,5,1,3,1,5,97,0,0,0,0,57,40,63,4,0,30,0,9,85,3,2910,3220,3510,3163.52577319588,614.644343177139,4,83,6,1,96,9.27835051546392,0.800289895928827,0,97
2016,"MUNICIPIO",421600,120,0,116,0,11,20,40,30,17,2,0,0,120,24,28,33,28.0666666666667,5.90219063922343,0,3,29,48,14,25,112,1,0,5,0,20,100,46,74,116,4,0,0,1,18,97,4,19,97,4,37,38,39,37.9,2.20160369356735,0,12,6,6,95,37,83,33,87,114,5,1,3,35,12,14,32,2,2,4,1,15,120,0,0,0,0,50,70,112,1,0,5,0,11,109,0,2878.75,3147.5,3421.25,3103.625,508.559079345629,8,95,12,2,118,9.725,0.829726086218374,1,119
2016,"MUNICIPIO",420775,43,0,43,0,8,8,11,9,6,1,0,0,43,21,28,32,27.1627906976744,6.67236744077193,0,5,11,21,0,6,43,0,0,0,0,3,40,15,28,41,2,0,1,1,4,37,0,6,37,0,38,38,39,37.7209302325581,2.92221036199972,0,7,2,5,29,43,0,11,32,41,1,1,1,12,7,6,11,1,0,2,1,2,43,0,0,0,0,27,16,43,0,0,0,0,6,36,1,2785,3095,3450,3035.51162790698,624.200302562179,4,34,3,0,43,9.41860465116279,0.7938021265834,0,43
2016,"MUNICIPIO",421187,20,0,20,0,5,2,3,4,6,0,0,0,20,20.5,30,36.25,28.1,8.27742650065129,0,2,5,11,0,2,12,0,0,8,0,6,14,7,13,20,0,0,0,2,0,18,0,2,18,0,37.75,39,39,37.9,3.12713085246221,0,5,2,1,12,20,0,9,11,19,1,0,0,6,1,6,4,0,1,0,0,2,20,0,0,0,0,12,8,12,0,0,8,0,2,18,0,2982.5,3252.5,3476.25,3097.5,781.044341351946,0,18,2,3,17,8.6,1.53554379189983,0,20
2016,"MUNICIPIO",420055,23,0,22,1,2,6,6,5,2,1,0,0,22,21,27,30,26.4782608695652,6.86803905596847,0,1,5,11,2,4,23,0,0,0,0,2,21,6,17,22,1,0,0,0,0,22,0,0,22,0,38,38,39,38.3181818181818,0.994574023980864,1,2,0,1,19,22,1,7,16,21,2,0,1,5,1,2,11,0,1,1,0,0,22,0,1,0,0,12,11,23,0,0,0,0,0,21,2,2945,3155,3402.5,3188.91304347826,422.831248634883,1,18,2,0,22,9.86363636363636,0.467562529096076,0,23
2016,"MUNICIPIO",420660,57,0,48,0,7,18,20,7,4,1,0,0,57,22,26,28,25.9122807017544,5.62291453961373,1,0,17,17,10,11,46,0,0,10,0,9,48,28,29,57,0,0,1,1,4,50,1,6,50,1,38,39,39,38.3684210526316,2.35001199804968,0,14,6,7,27,26,31,21,36,51,3,0,14,10,6,4,12,1,2,0,0,5,57,0,0,0,0,31,26,46,0,0,10,0,3,53,1,2920,3225,3450,3150.49122807018,556.567930740554,3,50,4,1,56,9.47368421052632,0.847375426114042,0,56
2016,"MUNICIPIO",421420,137,0,135,0,26,39,27,33,10,2,0,0,137,20,25,31,25.7372262773723,6.30624115809174,0,4,22,70,10,31,107,4,2,23,0,14,123,67,70,137,0,0,0,0,12,124,1,12,124,1,38,38,39,38.3284671532847,1.53923916008133,0,8,7,12,109,17,120,22,115,132,5,0,30,29,12,15,35,3,2,0,0,11,137,0,0,0,0,61,76,107,4,2,23,0,8,124,5,2970,3205,3490,3209.14598540146,470.440415370439,9,115,13,1,136,9.81751824817518,0.739822893176128,1,136
2016,"MUNICIPIO",420840,208,0,207,1,19,49,58,48,26,7,0,0,207,23,27.5,33,27.7259615384615,6.3866481375833,2,3,45,93,11,54,206,0,0,0,1,9,199,85,123,202,6,0,2,3,15,182,6,20,182,6,38,39,40,38.5480769230769,2.59087886415792,2,38,8,13,147,20,188,67,141,200,7,1,35,36,24,11,72,3,4,6,1,16,208,0,0,0,0,112,96,206,0,0,0,1,19,175,14,3005,3337.5,3663.75,3265.90865384615,632.70949162654,14,150,35,5,203,9.58653846153846,1.1966989775871,1,207
2016,"MUNICIPIO",421885,27,0,25,0,5,6,11,3,2,0,0,0,27,20.5,26,29,25.0740740740741,5.92858736531293,0,3,7,11,1,5,20,0,0,6,0,2,25,15,12,27,0,0,0,0,2,25,0,2,25,0,37,39,40,38.5925925925926,1.39392250251581,0,3,1,8,14,27,0,5,22,27,0,0,2,11,1,2,9,0,0,0,0,2,27,0,0,0,0,14,13,20,0,0,6,0,1,22,4,3142.5,3390,3762.5,3469.2962962963,485.384765284584,1,20,6,0,27,9.66666666666667,0.877058019307029,0,27
2016,"MUNICIPIO",420165,14,0,14,0,2,4,4,2,2,0,0,0,14,21.5,27,29.75,26.1428571428571,6.21235918097196,0,0,2,7,0,5,14,0,0,0,0,3,11,8,6,14,0,0,0,0,0,14,0,0,14,0,38,38.5,39,38.7857142857143,1.18831305306637,0,1,1,0,12,14,0,2,12,13,1,0,0,7,1,0,5,1,0,0,0,0,14,0,0,0,0,6,8,14,0,0,0,0,0,14,0,3083.75,3337.5,3591.25,3367.85714285714,334.897885043476,0,12,2,0,14,9.28571428571429,0.825420305855557,0,14
2016,"MUNICIPIO",421140,51,0,50,0,3,13,12,10,13,0,0,0,51,24,27,34.5,28.6666666666667,6.29497153819353,0,6,9,19,4,13,37,3,0,10,0,7,43,23,28,51,0,0,0,1,6,41,3,7,41,3,37,38,39.5,38.1960784313725,2.34963493201082,0,5,2,4,40,51,0,20,31,51,0,0,3,16,8,5,12,0,0,0,0,7,51,0,0,0,0,25,26,37,3,0,10,0,6,43,2,2882.5,3248,3442.5,3127.74509803922,566.381173526707,5,41,4,0,51,9.58823529411765,0.638011617080294,0,51
2016,"MUNICIPIO",420543,24,0,24,0,1,7,10,5,0,1,0,0,24,22.75,25,29.5,26.2083333333333,5.24179828640537,0,1,4,11,3,5,21,1,0,2,0,4,20,16,8,24,0,0,0,1,2,21,0,3,21,0,38,38.5,39.25,38.1666666666667,2.27780723440362,0,0,0,0,24,24,0,6,18,23,1,0,5,10,1,1,3,0,1,0,0,3,24,0,0,0,0,17,7,21,1,0,2,0,3,21,0,3046.25,3310,3633.75,3161.5,705.295559384118,2,20,2,1,23,9.58333333333333,0.880546602310508,0,24
2016,"MUNICIPIO",420435,54,0,54,0,6,12,18,12,6,0,0,0,54,22,27,31.75,27.037037037037,5.99988353019964,0,2,12,26,2,12,44,0,0,10,0,13,41,28,26,52,2,0,0,0,10,44,0,10,44,0,37,38,39,37.8518518518519,1.50980952700223,0,5,1,9,39,54,0,12,42,51,3,0,3,16,2,10,11,2,1,2,0,7,54,0,0,0,0,36,18,44,0,0,10,0,4,50,0,2758.25,3092.5,3360,3081.68518518519,488.164595814331,3,45,4,0,54,9.11111111111111,0.603970093807497,2,52
2016,"MUNICIPIO",421210,196,0,190,0,18,45,60,50,20,3,0,0,196,24,28,31,27.5969387755102,5.69532339113115,0,11,41,82,12,50,181,1,0,13,0,40,155,87,109,191,4,0,2,1,22,170,1,25,170,1,37,38,39,38.0765306122449,2.23933602890235,1,29,5,4,154,35,161,46,149,185,10,0,30,41,23,19,47,3,6,4,0,22,195,0,1,0,0,101,95,181,1,0,13,0,18,171,7,2850,3182.5,3560,3161.39795918367,562.014658806834,13,154,23,4,192,9.42857142857143,1.12318229221194,2,194
2016,"MUNICIPIO",421960,19,0,18,0,0,6,2,5,4,2,0,0,19,23.5,31,36,30.0526315789474,6.60364953147144,0,5,1,7,1,4,18,0,0,1,0,4,15,8,11,19,0,0,1,1,1,16,0,3,16,0,38,39,40,37.6842105263158,4.00073092737019,0,2,2,2,13,19,0,2,17,18,1,0,2,5,4,2,3,1,0,0,0,2,19,0,0,0,0,13,6,18,0,0,1,0,2,16,1,2842.5,3100,3602.5,3108.94736842105,796.526450260701,1,17,1,0,19,9.42105263157895,0.837707816583391,0,19
2016,"MUNICIPIO",421315,20,0,20,0,4,4,6,5,1,0,0,0,20,21.75,27,30.25,26.15,5.83343358309847,0,0,6,11,1,2,19,0,0,1,0,2,18,8,12,20,0,0,0,0,2,18,0,2,18,0,38,38,39,38.4,1.18765580695312,0,3,3,2,12,20,0,8,12,19,1,0,2,6,1,5,3,0,1,0,0,2,19,0,0,1,0,11,9,19,0,0,1,0,2,17,1,2991.25,3172.5,3448.75,3207.25,471.767323894668,1,17,2,0,20,9.3,0.656946685331786,0,20
2016,"MUNICIPIO",421569,19,0,18,0,0,6,7,4,2,0,0,0,19,22,27,30,27.1578947368421,5.3878789672822,0,2,2,8,1,6,16,0,0,2,0,0,18,8,11,19,0,0,0,0,3,16,0,3,16,0,37,38,38.5,37.7368421052632,1.82093093600065,0,2,2,5,10,19,0,3,16,18,1,0,3,4,1,1,7,1,0,0,0,2,19,0,0,0,0,8,11,16,0,0,2,0,2,17,0,2802.5,3025,3262.5,3050,497.030068395151,1,16,2,0,19,9.89473684210526,0.315301767642306,0,19
2016,"MUNICIPIO",421507,41,0,41,0,9,8,7,15,1,1,0,0,41,22,27,32,26.7560975609756,6.8219516555194,0,1,16,17,1,6,34,1,0,6,0,11,30,14,27,41,0,0,0,0,2,37,2,2,37,2,38,38,39,38.4390243902439,1.44997897377522,1,6,1,6,27,41,0,11,30,40,1,0,6,6,8,4,14,0,1,0,0,2,41,0,0,0,0,21,20,34,1,0,6,0,2,38,1,3020,3265,3430,3238.39024390244,419.889859251732,3,32,6,0,41,9.5609756097561,0.672635878012944,1,40
2016,"MUNICIPIO",421340,149,0,147,2,27,53,32,23,10,2,0,0,147,20,24,29,24.8389261744966,6.12048743211479,0,12,47,71,6,13,96,0,0,53,0,37,112,57,92,145,4,0,1,1,11,135,1,13,135,1,38,39,40,38.5906040268456,1.96597208889343,0,42,16,12,77,147,2,47,102,145,4,0,23,26,34,7,43,0,2,4,0,10,147,2,0,0,0,75,74,96,0,0,53,0,12,126,11,2875,3190,3520,3162.88590604027,549.065908639161,13,115,16,2,147,9.59731543624161,0.787739350904102,3,146
2016,"MUNICIPIO",421290,303,0,298,2,35,69,67,85,34,10,1,0,301,23,28,32,27.6006600660066,6.59788242870412,0,10,79,115,16,83,290,1,0,6,3,24,278,130,173,295,8,1,0,2,21,274,5,24,274,5,38,39,39,38.4455445544554,1.98074462982264,1,33,10,16,242,60,243,128,175,291,11,1,33,75,35,58,63,7,3,7,1,21,302,0,0,1,0,162,141,290,1,0,6,3,32,261,10,2920,3195,3477.5,3167.56435643564,525.316040147822,21,246,24,4,299,9.66336633663366,0.923682821512377,2,300
2016,"MUNICIPIO",421090,37,0,37,0,3,7,12,9,5,1,0,0,37,24,29,32,28.4054054054054,5.88056809169668,0,4,4,14,1,14,35,0,0,2,0,4,33,19,18,35,2,0,0,1,4,32,0,5,32,0,38,38,39,37.9189189189189,2.240763490648,0,1,1,4,31,37,0,17,20,35,2,0,6,10,3,5,6,1,1,2,0,3,37,0,0,0,0,18,19,35,0,0,2,0,5,32,0,2805,3075,3355,2966.72972972973,607.975860661546,4,31,0,2,35,9.24324324324324,1.63987474801864,1,36
2016,"MUNICIPIO",421730,127,0,125,0,12,21,49,26,16,3,0,0,127,24,28,31,27.9448818897638,5.69224909745933,0,7,18,63,7,32,119,0,1,7,0,13,114,50,77,127,0,0,0,2,18,103,4,20,103,4,37,38,39,38.0944881889764,2.06802210108443,0,11,8,4,103,80,47,36,91,118,7,1,12,28,20,13,29,3,4,0,1,16,127,0,0,0,0,69,58,119,0,1,7,0,9,114,4,2882.5,3175,3489,3164.79527559055,478.909133088189,12,95,18,0,127,9.76377952755906,0.495322452507965,1,126
2016,"MUNICIPIO",421750,213,0,188,0,32,41,56,45,35,3,1,0,213,22,27,33,27.4225352112676,6.60973118761838,0,3,41,116,8,31,200,2,0,7,0,53,157,88,125,210,1,0,1,4,19,186,2,24,186,2,38,38,39,37.8915094339623,1.8733662291038,0,27,8,19,156,35,178,15,198,199,8,0,36,35,12,6,83,5,3,1,0,23,212,1,0,0,0,113,100,202,2,0,7,0,14,193,6,2905,3120,3400,3135.53990610329,500.094118079514,9,182,18,1,212,9.58215962441315,0.951196383143628,2,211
2016,"MUNICIPIO",420490,81,0,80,0,9,14,24,18,14,2,0,0,81,23,28,34,28.1975308641975,6.51808973758113,0,2,19,32,6,22,71,1,0,8,0,27,54,36,45,79,2,0,0,0,7,71,3,7,71,3,38,39,40,38.5802469135802,1.92265569935743,0,8,7,5,61,75,6,25,56,74,7,0,11,18,10,4,24,4,2,2,0,6,81,0,0,0,0,37,44,71,1,0,8,0,7,72,2,2865,3100,3320,3074.43209876543,434.59291119022,5,70,2,0,81,9.69135802469136,0.515799750597118,0,81
2016,"MUNICIPIO",420765,90,0,82,0,10,13,26,25,12,4,0,0,90,24.25,29,32.75,28.4333333333333,6.27649440551586,0,4,18,46,1,20,83,0,0,5,0,26,64,43,47,86,4,0,1,1,5,82,1,7,82,1,38,39,40,38.5,2.39967226226669,0,13,2,4,68,65,25,28,62,86,3,1,19,18,5,8,27,2,0,3,1,7,90,0,0,0,0,49,41,83,0,0,5,0,13,72,5,2935,3219,3517.5,3165.06666666667,641.321297589261,5,70,10,0,90,9.66666666666667,0.653426577462863,0,88
2016,"MUNICIPIO",421720,549,0,538,4,62,107,148,143,69,14,2,0,545,23,28,32,27.8287795992714,6.49591467381693,0,19,107,219,33,171,463,12,0,70,0,199,347,269,280,541,8,0,0,6,57,479,7,63,479,7,38,39,40,38.4280510018215,1.95683716885776,1,122,38,40,343,19,530,198,351,529,19,1,62,171,40,66,134,9,9,8,1,49,546,0,3,0,0,286,263,463,12,0,70,0,46,485,18,2904,3220,3475,3168.64480874317,509.694315390899,31,470,39,3,545,9.60036496350365,0.661669163767101,4,545
2016,"MUNICIPIO",420670,309,0,277,1,44,78,84,60,36,6,0,0,308,21,26,31,26.5501618122977,6.46982819878424,0,12,79,139,27,51,243,13,0,47,0,86,207,137,172,302,6,0,1,5,29,258,12,35,258,12,38,39,40,38.455737704918,2.23728311137609,2,53,14,18,221,309,0,107,201,295,8,1,28,84,33,29,84,6,2,6,1,27,309,0,0,0,0,147,162,243,13,0,47,0,26,276,7,2870,3160,3480,3138.74110032362,514.034744416772,13,263,17,0,309,9.68284789644013,0.549258927689423,2,307
2016,"MUNICIPIO",420430,1035,0,1025,5,109,187,271,260,161,41,1,0,1030,23,29,33,28.3545893719807,6.55041936883616,1,29,178,474,77,276,949,17,0,63,0,297,737,426,609,999,36,0,4,11,146,847,27,161,847,27,37,38,39,38.16038647343,2.21070366223411,5,96,34,65,832,12,1023,244,791,975,56,3,104,247,80,134,260,20,28,36,3,122,1035,0,0,0,0,510,525,949,17,0,63,0,112,888,35,2815,3115,3420,3093.78357487923,534.116741852609,63,839,83,4,1031,9.04347826086956,0.684904572170141,11,1023
2016,"MUNICIPIO",420127,46,0,46,0,5,12,7,15,3,4,0,0,46,21,28.5,32.75,28,7.23264205606161,0,6,7,23,2,8,44,0,0,2,0,15,31,14,32,42,4,0,0,0,4,40,2,4,40,2,38,39,40,38.6739130434783,1.75187959791872,0,7,4,3,32,46,0,6,40,43,3,0,6,7,4,4,18,0,1,4,0,2,46,0,0,0,0,19,27,44,0,0,2,0,2,43,1,2806.25,3050,3396.25,3112.71739130435,410.769882215415,2,37,2,0,46,9.02173913043478,0.576931747736154,1,45
2016,"MUNICIPIO",420780,98,0,93,0,17,17,32,21,7,4,0,0,98,23,27,32,26.9183673469388,6.49611060382034,0,5,23,46,2,18,85,2,0,8,0,27,71,40,58,96,2,0,0,0,13,79,3,13,79,3,37,39,40,38.5368421052632,1.92304350044175,0,15,3,7,70,95,3,26,72,89,3,2,12,21,7,15,22,2,1,2,2,10,97,0,1,0,0,57,41,88,2,0,8,0,5,89,4,2878.75,3102.5,3423.75,3150.25510204082,448.988767825538,5,80,8,0,98,9.08163265306122,0.511183574824356,1,97
2016,"MUNICIPIO",420860,48,0,45,0,11,7,14,8,7,1,0,0,48,20.75,27,32,26.8333333333333,6.69497535734531,1,1,10,25,4,7,41,0,0,7,0,9,37,19,29,48,0,0,0,0,3,44,1,3,44,1,37,39,40,38.6458333333333,1.7071761346182,0,6,0,3,38,48,0,12,36,47,1,0,7,9,7,7,14,0,1,0,0,3,48,0,0,0,0,19,29,41,0,0,7,0,4,43,1,2772.5,3095,3317.5,3108.52083333333,423.470664641669,7,36,4,0,48,9.5625,0.580031180379784,1,47
2016,"MUNICIPIO",420760,51,0,48,0,7,10,24,7,3,0,0,0,51,24,26,29,26.1176470588235,4.97050121747708,0,3,8,24,4,10,43,0,0,5,0,14,37,25,26,49,2,0,0,2,5,44,0,7,44,0,37,39,39,38.0980392156863,1.96219165180962,0,4,1,1,43,48,3,15,36,46,2,1,8,13,2,7,9,0,2,2,1,5,51,0,0,0,0,26,25,44,0,0,6,0,4,47,0,2902.5,3135,3462.5,3097.64705882353,516.911358881943,3,44,2,0,51,9.41176470588235,0.638011617080294,0,51
2016,"MUNICIPIO",420770,72,0,69,0,6,23,17,15,9,2,0,0,72,22,27,31.25,27.1388888888889,5.99132131857489,0,2,10,39,3,16,65,0,0,4,0,19,53,32,40,70,2,0,1,0,13,54,4,14,54,4,37,38,40,38.1111111111111,2.64071882849015,0,4,5,7,54,70,2,23,49,68,2,0,7,16,7,11,13,1,1,2,0,12,72,0,0,0,0,34,38,67,0,0,4,0,7,59,6,2790,3167.5,3346.25,3121.73611111111,637.432769016192,5,54,11,1,71,9,0.888106071573772,1,71
2016,"MUNICIPIO",420800,60,0,57,0,7,15,14,13,7,4,0,0,60,22,28.5,32.25,28,7.24393375668127,0,1,8,26,7,16,57,1,0,2,0,19,40,27,33,58,2,0,0,3,9,47,1,12,47,1,37,38,39,37.4833333333333,2.59394122397681,0,4,4,7,45,60,0,13,47,58,2,0,8,12,6,5,17,0,1,2,0,9,60,0,0,0,0,36,24,57,1,0,2,0,10,50,0,2730,3070,3422.5,2975.33333333333,647.540239353448,4,50,3,0,60,9.21666666666667,0.761169186891749,2,58
2016,"MUNICIPIO",420985,48,0,46,4,6,8,15,6,9,0,0,0,44,21.5,26.5,32,26.25,7.23319769784915,0,2,11,25,1,8,46,1,0,1,0,19,29,22,26,48,0,0,0,1,12,35,0,13,35,0,35,38,39,37.3125,2.38930462598319,0,7,0,6,35,41,7,15,33,45,3,0,5,8,4,6,10,2,1,0,0,12,48,0,0,0,0,26,22,46,1,0,1,0,7,36,5,2810,3121,3412.25,3112.22916666667,616.138083431474,3,38,7,0,48,9.27083333333333,0.609833717598959,2,45
2016,"MUNICIPIO",420530,146,0,143,0,18,35,41,33,13,6,0,0,146,21,27,31.75,26.8972602739726,6.45592959417106,0,9,31,75,8,23,132,0,0,13,1,72,74,64,82,140,6,0,0,0,24,121,1,24,121,1,38,38,39,38.0753424657534,1.8235456801039,1,22,6,9,105,48,98,17,129,143,3,0,13,42,11,12,41,0,1,6,0,20,146,0,0,0,0,78,68,132,0,0,13,1,11,131,4,2842.5,3100,3496.25,3130.95205479452,458.713799018017,10,118,12,1,145,9.80821917808219,0.488700860383946,2,144
2016,"MUNICIPIO",421390,14,0,14,0,2,4,3,3,1,1,0,0,14,21.5,26,32,27.0714285714286,7.69079655486684,0,1,3,7,0,3,14,0,0,0,0,7,7,6,8,14,0,0,0,0,4,10,0,4,10,0,36.25,38,39,37.7857142857143,2.25929095169162,0,2,2,3,7,14,0,3,11,14,0,0,1,4,1,2,2,0,0,0,0,4,14,0,0,0,0,5,9,14,0,0,0,0,1,13,0,2886.25,2977.5,3327.5,3080.35714285714,550.721429950382,0,13,1,0,14,9.07142857142857,0.615727926214882,0,14
2016,"MUNICIPIO",421917,78,0,73,0,21,22,15,11,6,3,0,0,78,19,24,29.75,25.1025641025641,7.02054451506757,0,1,23,41,6,6,62,2,0,11,0,30,47,34,44,78,0,0,0,0,6,71,1,6,71,1,38,39,40,38.7435897435897,1.5661674408825,1,12,4,6,55,78,0,23,55,77,1,0,10,22,9,10,20,1,0,0,0,6,78,0,0,0,0,49,29,62,2,0,11,0,5,71,2,2901,3150,3487,3164.46153846154,460.223906328261,7,65,6,0,78,9.7051282051282,0.583517643685982,1,77
2016,"MUNICIPIO",421260,13,0,13,0,1,2,5,4,1,0,0,0,13,26,27,31,27.6923076923077,5.13784350651476,0,0,0,8,1,4,12,0,0,1,0,4,9,5,8,13,0,0,0,0,1,12,0,1,12,0,38,38,39,38,1.4142135623731,0,0,1,0,12,12,1,4,9,12,0,1,1,2,3,2,3,0,0,0,1,1,13,0,0,0,0,6,7,12,0,0,1,0,0,13,0,2920,3110,3330,3149.23076923077,239.477261915112,0,12,1,0,13,9.30769230769231,0.630425171956115,0,13
2016,"MUNICIPIO",420400,143,0,125,2,27,42,24,33,9,6,0,0,141,20,25,31,25.7132867132867,6.98047818857421,0,5,55,56,7,20,111,1,0,29,0,39,97,63,80,143,0,0,2,2,13,119,2,17,119,2,38,39,39,38.231884057971,2.45927368980149,0,22,10,19,87,143,0,51,92,136,5,0,20,33,12,16,36,2,3,0,0,14,143,0,0,0,0,70,73,111,1,0,29,0,14,125,4,2835,3110,3405,3109.02097902098,504.154185957781,13,113,12,1,142,9.57342657342657,0.791588797164236,3,140
2016,"MUNICIPIO",420455,214,0,207,3,46,53,45,38,23,6,0,0,211,20,26,31,25.714953271028,7.15673363922276,0,11,72,96,16,18,165,3,0,43,0,60,152,83,131,207,7,1,1,2,21,177,10,25,177,10,38,39,40,38.5094339622642,2.64214935849304,0,36,20,15,140,213,1,99,115,207,5,1,25,42,32,30,50,1,1,7,1,23,214,0,0,0,0,110,104,166,3,0,43,0,20,186,8,2913.75,3190,3448.75,3128.14953271028,578.008955918372,12,172,17,10,204,8.76635514018692,1.01240604272646,4,210
2016,"MUNICIPIO",421760,146,0,144,0,9,25,35,39,33,5,0,0,146,25,30,35,29.4041095890411,6.14825881393097,0,11,28,70,5,32,121,14,0,11,0,77,69,44,102,142,4,0,0,2,14,127,2,16,127,2,38,38,39,38.4413793103448,1.87036784138013,2,29,18,18,79,145,1,46,100,136,10,0,10,25,18,18,50,4,5,4,0,11,146,0,0,0,0,75,71,121,14,0,11,0,13,123,10,2880,3192.5,3488.75,3199.79452054795,518.612165473068,6,116,18,0,146,9.18493150684932,0.454910747707485,1,144
2016,"MUNICIPIO",420395,338,0,336,5,53,70,91,70,40,7,2,0,333,21,27,32,26.7721893491124,6.71184315340945,0,5,89,157,30,57,264,32,0,42,0,205,132,146,192,334,4,1,4,4,48,262,19,57,262,19,37,39,40,38.2130177514793,2.87662364004218,0,40,52,57,188,338,0,127,211,313,17,8,28,88,34,36,78,6,11,3,8,46,338,0,0,0,0,176,162,264,32,0,42,0,29,293,16,2920,3222.5,3503.75,3174.52662721894,593.411587639867,23,261,38,2,336,9.62721893491124,0.772351578510298,3,335
2016,"MUNICIPIO",421835,35,0,32,1,6,9,9,8,2,0,0,0,34,20.5,25,30,25.3428571428571,6.41662755999579,0,1,12,18,0,4,32,1,0,2,0,14,21,18,17,33,2,0,0,0,5,30,0,5,30,0,38,39,39,38.2,1.72865129338385,0,3,1,4,27,35,0,8,27,31,2,0,4,9,1,2,9,1,1,2,0,4,35,0,0,0,0,20,15,32,1,0,2,0,3,31,1,2802.5,3070,3417.5,3110.85714285714,530.248950569289,4,26,3,0,34,9.08823529411765,0.378805703680422,0,34
2016,"MUNICIPIO",420425,195,0,191,1,16,44,49,57,24,2,2,0,194,23.5,28,33,28.0205128205128,6.06745498911511,0,3,42,94,18,38,176,9,0,8,0,110,84,83,112,194,1,0,1,2,25,163,4,28,163,4,38,39,39.5,38.3179487179487,2.14942713476542,0,35,19,30,110,195,0,54,141,174,21,0,18,51,18,23,40,9,12,1,0,23,195,0,0,0,0,95,100,176,9,0,8,0,16,166,13,2897.5,3240,3580,3217.02564102564,562.832833360156,8,158,27,1,194,9.02051282051282,0.695782392506008,2,192
2016,"MUNICIPIO",422000,190,0,189,0,36,60,46,27,15,5,1,0,190,21,24,29.75,25.6263157894737,6.63343639588621,0,5,63,106,7,9,161,15,0,14,0,122,68,69,121,184,6,0,1,0,21,161,7,22,161,7,38,39,40,38.5052631578947,1.98338967085799,1,31,12,20,126,189,1,97,93,180,10,0,21,34,34,22,48,4,4,6,0,17,189,0,1,0,0,101,89,161,15,0,14,0,16,169,5,2910,3267.5,3568.75,3213.10526315789,503.59353042657,10,154,20,1,188,9.11111111111111,0.586490947249549,0,190
2016,"MUNICIPIO",421160,168,0,150,1,20,39,37,52,13,6,0,0,167,23,27.5,31.25,27.297619047619,6.25655060195669,0,5,35,73,16,39,149,9,0,6,0,89,78,76,92,164,4,0,0,1,17,144,4,18,144,4,38,39,40,38.4156626506024,1.93581754259872,1,29,9,21,106,140,28,50,118,151,7,0,21,42,17,18,36,3,3,4,0,14,166,0,1,1,0,87,81,149,9,0,6,0,14,145,9,3010,3285,3583.75,3254.10714285714,542.186282101984,9,129,22,2,165,9.03592814371257,0.775313504945031,2,165
2016,"MUNICIPIO",420880,242,0,242,1,29,55,51,62,36,8,0,0,241,23,28,33,27.8842975206612,6.61406784723877,0,7,71,111,16,37,210,16,0,16,0,162,80,88,154,230,12,0,2,4,34,189,13,40,189,13,37,39,40,38.2768595041322,2.54458208360017,1,46,39,34,122,242,0,98,144,221,16,5,15,53,31,30,56,4,7,10,5,31,242,0,0,0,0,139,103,210,16,0,16,0,19,207,16,2895,3270,3543.75,3236.36363636364,534.508732447133,8,179,37,0,242,9.59504132231405,0.577280969535161,0,242
2016,"MUNICIPIO",421545,203,0,202,1,26,57,57,36,20,6,0,0,202,22,26,31,26.4778325123153,6.40569449875757,0,21,65,87,11,19,176,8,0,19,0,137,66,72,131,199,4,0,0,4,31,149,19,35,149,19,37,39,40,38.5320197044335,2.69262089547313,0,32,23,31,117,203,0,77,126,189,11,3,15,46,16,32,51,2,8,4,3,26,202,0,1,0,0,104,99,176,8,0,19,0,18,174,11,2922.5,3210,3555,3215.88669950739,522.966653585881,9,154,24,3,199,9.58910891089109,0.883502864433664,6,197
2016,"MUNICIPIO",421240,41,0,41,1,3,9,12,8,4,4,0,0,40,24,28,32,28.3170731707317,6.96218006227304,0,3,10,22,1,5,40,0,0,1,0,27,14,21,20,41,0,0,0,0,4,34,3,4,34,3,38,39,40,38.9268292682927,2.33869882522781,0,2,11,5,23,41,0,17,24,38,3,0,4,16,4,10,1,0,3,0,0,3,41,0,0,0,0,24,17,40,0,0,1,0,4,33,4,2970,3260,3585,3248.90243902439,590.354249788974,3,29,6,0,41,9.48780487804878,0.745719492152116,1,40
2016,"MUNICIPIO",420470,131,0,131,2,16,28,43,28,9,5,0,0,129,22,27,30,26.8549618320611,6.14206447052377,0,6,20,65,5,35,127,2,0,2,0,44,87,63,68,127,4,0,0,2,18,110,1,20,110,1,37,39,39,38.1450381679389,1.9140056161182,0,15,2,2,112,44,87,20,111,121,10,0,9,37,8,6,39,7,2,4,0,19,131,0,0,0,0,75,56,127,2,0,2,0,8,111,12,3015,3315,3592.5,3287.19847328244,552.354100747913,8,98,21,1,130,9.58015267175572,0.76414052748353,1,130
2016,"MUNICIPIO",420480,659,0,642,7,141,189,144,113,49,16,0,0,652,20,24,30,25.2185128983308,6.67874801057916,2,33,217,268,47,92,569,5,0,84,0,84,574,250,409,642,17,0,10,8,56,557,21,74,557,21,38,39,40,38.5536809815951,2.56800626331484,4,158,21,114,354,11,648,319,340,602,41,10,55,141,91,94,147,19,16,16,10,59,657,0,2,0,0,342,317,569,5,0,84,0,55,578,26,2820,3160,3467.5,3118.62518968134,596.503612655974,39,547,43,5,651,9.26219512195122,0.837027126635846,0,659
2016,"MUNICIPIO",420555,26,0,25,0,2,12,4,4,2,1,1,0,26,21,24,31,26.7307692307692,7.52891860658723,0,2,7,10,3,4,23,0,0,3,0,2,24,6,20,26,0,0,0,0,1,24,0,1,24,0,38,39,40,38.92,1.11504857891185,0,5,0,6,15,26,0,16,10,25,1,0,3,3,6,6,5,0,1,0,0,1,26,0,0,0,0,16,10,23,0,0,3,0,0,23,3,3003.75,3215,3465,3272.69230769231,487.715553923044,2,20,3,0,26,9.30769230769231,0.679366220486757,0,26
2016,"MUNICIPIO",421605,78,0,77,0,27,26,14,7,2,2,0,0,78,18,21.5,26,22.9102564102564,5.98740213690248,0,2,37,35,2,2,67,0,0,11,0,9,69,29,49,76,2,0,0,2,3,73,0,5,73,0,38,39,40,38.8589743589744,2.14248526021606,0,15,4,17,41,78,0,39,39,74,4,0,4,22,13,12,16,1,3,2,0,5,78,0,0,0,0,36,42,67,0,0,11,0,8,68,2,2970,3202.5,3536.25,3174.48717948718,563.656078791115,9,63,4,0,78,9.25641025641026,0.672963931336927,1,77
2016,"MUNICIPIO",421335,66,0,65,0,20,15,12,12,6,1,0,0,66,18.25,24,30,24.6363636363636,7.24226136302396,0,4,24,27,4,7,57,0,0,9,0,11,55,32,34,66,0,0,0,1,2,63,0,3,63,0,38,39,40,38.7727272727273,1.9673915143228,0,14,3,10,39,66,0,43,23,63,3,0,7,21,11,11,10,2,1,0,0,3,64,2,0,0,0,35,31,57,0,0,9,0,2,63,1,2873.75,3145,3370,3113.93939393939,455.690106534554,3,61,2,0,66,9.24242424242424,0.633928073100412,0,65
2016,"MUNICIPIO",421790,93,0,83,0,12,27,21,21,10,2,0,0,93,22,27,31,26.9139784946237,6.24961896921741,0,7,33,30,5,18,80,1,0,9,0,13,78,29,64,86,6,1,2,0,14,72,3,17,72,3,37,39,40,37.8369565217391,3.36196297288592,1,13,2,15,61,55,38,33,59,88,3,0,5,14,12,12,29,1,2,6,0,9,93,0,0,0,0,47,46,80,1,0,9,0,9,79,5,2800,3120,3450,3077.68817204301,672.033561831657,4,69,10,2,91,9.3010752688172,1.20492599661411,1,91
2016,"MUNICIPIO",420920,26,0,24,0,2,1,9,7,6,1,0,0,26,26.25,30,34.25,29.6538461538462,5.70573260987444,0,0,5,14,2,5,25,0,0,0,0,2,23,11,15,26,0,0,1,0,5,20,0,6,20,0,37.25,38,39,37.1923076923077,3.27437604155944,0,3,1,1,21,26,0,8,18,25,1,0,4,4,3,1,8,0,1,0,0,5,26,0,0,0,0,11,15,25,0,0,0,0,5,21,0,2695,3045,3495,3003.23076923077,695.594554762603,0,24,2,0,26,9.61538461538461,0.8038369524685,0,25
2016,"MUNICIPIO",420287,32,0,31,0,9,5,6,7,3,2,0,0,32,19,26.5,33,26.40625,7.99943294361262,0,8,10,7,2,5,30,0,0,2,0,3,29,14,18,32,0,0,0,1,1,30,0,2,30,0,38,39,40,38.75,2.10988457106682,0,4,2,6,20,32,0,14,18,27,3,2,4,7,2,10,2,1,2,0,2,2,32,0,0,0,0,14,18,30,0,0,2,0,3,26,3,2905,3282.5,3451.25,3136.53125,672.69860884855,3,24,5,0,31,9.35483870967742,0.608187860054999,0,32
2016,"MUNICIPIO",421330,56,0,54,2,17,16,7,9,4,1,0,0,54,18,22,29.25,23.6428571428571,6.92932784731567,0,5,19,23,3,6,47,1,0,8,0,19,37,19,37,56,0,0,0,0,3,50,2,3,50,2,38,39,40,39.2,1.5563490039905,0,20,10,9,16,56,0,28,28,54,1,1,6,10,9,8,17,0,1,0,1,3,55,0,0,1,0,27,29,47,1,0,8,0,2,52,2,2955,3235,3500,3196.625,569.174412077385,2,47,5,0,55,8.87272727272727,0.610238127611322,0,56
2016,"MUNICIPIO",421860,90,0,87,0,11,23,28,15,9,4,0,0,90,21,26,30.75,26.7777777777778,6.60911488027135,0,3,29,39,8,11,84,0,0,5,0,58,30,35,55,90,0,0,0,0,7,81,2,7,81,2,38,39,40,38.7333333333333,1.74046358282673,0,16,4,7,62,90,0,49,41,87,3,0,5,28,17,15,16,1,2,0,0,6,90,0,0,0,0,42,48,84,0,0,5,0,3,79,8,3052.5,3375,3650,3338.48888888889,499.841778211808,3,71,15,2,88,9.16666666666667,0.985855015892068,1,89
2016,"MUNICIPIO",421680,101,0,98,2,23,25,19,17,11,3,1,0,99,20,25,31,25.7326732673267,7.54969017789328,0,11,29,40,8,13,82,1,0,18,0,28,73,40,61,97,4,0,1,0,8,88,3,9,88,3,38,39,40,38.73,2.0442330808616,1,28,3,10,58,100,1,52,49,97,4,0,13,19,25,10,17,2,1,4,0,9,100,0,1,0,0,58,43,82,1,0,18,0,7,93,1,2955,3250,3480,3190.9900990099,465.905580457017,6,83,6,1,99,8.87,0.719918626153559,0,101
2016,"MUNICIPIO",420215,34,0,34,0,5,7,10,5,5,2,0,0,34,23,26,31.75,27.4411764705882,6.58368588148738,1,1,13,15,2,2,25,0,0,9,0,12,22,10,24,34,0,0,0,0,2,31,1,2,31,1,38,39,39,38.5588235294118,1.81226756454178,0,7,2,3,22,34,0,12,22,32,1,1,3,7,5,6,9,0,1,0,1,2,34,0,0,0,0,18,16,25,0,0,9,0,2,29,3,3015,3197.5,3385,3212.94117647059,512.803520834629,2,27,4,0,34,9.44117647058824,0.503994737261378,0,34
2016,"MUNICIPIO",420945,20,0,20,0,1,5,5,6,2,1,0,0,20,22.75,29,32.25,28.15,6.25152612946378,0,0,6,6,1,7,14,0,0,5,1,5,15,6,14,20,0,0,0,0,1,19,0,1,19,0,37,38,39,38.15,1.13670808176853,0,3,2,1,14,20,0,5,15,18,2,0,2,1,3,4,7,2,0,0,0,1,20,0,0,0,0,8,12,14,0,0,5,1,2,17,1,2761.25,2940,3373.75,3071.75,454.501679112178,1,17,2,0,20,9.5,0.606976978666884,0,20
2016,"MUNICIPIO",421910,45,0,45,1,7,12,13,10,2,0,0,0,44,22,25,30,25.5111111111111,5.77463978499652,0,2,13,24,1,5,33,2,0,10,0,14,31,20,25,45,0,0,0,0,3,39,3,3,39,3,38,39,40,38.8888888888889,1.73496426767268,1,4,0,0,40,12,33,7,38,43,2,0,1,19,5,3,12,0,2,0,0,3,45,0,0,0,0,31,14,33,2,0,10,0,1,44,0,2970,3210,3450,3193.33333333333,366.61690433674,4,41,0,0,45,9.95555555555556,0.208409077139993,1,44
2016,"MUNICIPIO",420250,48,0,46,0,9,12,10,5,8,4,0,0,48,21.75,26.5,34.25,27.2708333333333,7.83809459947726,1,5,10,21,3,7,38,4,0,5,0,17,31,18,30,46,2,0,0,0,8,39,0,8,39,0,38,38,39,38.1914893617021,1.62371417853636,0,11,3,7,25,47,1,16,32,43,3,1,5,6,7,6,13,1,1,2,1,5,48,0,0,0,0,25,23,39,4,0,5,0,3,40,5,3040,3325,3590,3298.20833333333,525.001355959073,2,36,7,1,47,8.9375,1.20999824160238,0,48
2016,"MUNICIPIO",420570,280,0,252,1,25,56,73,66,52,7,0,0,279,24,28,33,28.4464285714286,6.50425733987108,1,12,59,118,23,66,246,9,0,7,1,134,145,105,175,269,9,1,1,2,19,250,7,23,250,7,38,39,40,38.4892857142857,2.18988212407835,0,54,31,26,160,273,7,101,179,261,17,0,34,57,45,27,78,6,6,9,0,16,271,3,6,0,0,146,134,246,9,0,7,1,22,244,14,3003.75,3280,3546.25,3224.68214285714,564.90388915377,15,223,29,4,275,9.28673835125448,0.871327714037898,1,279
2016,"MUNICIPIO",420600,174,0,109,1,26,47,42,35,20,3,0,0,173,22,26,31,26.6206896551724,6.401302936935,0,5,49,85,11,19,111,5,0,4,0,50,122,76,98,172,2,0,1,1,13,157,0,15,157,0,38,39,40,38.6104651162791,2.12325079405343,2,39,15,13,89,174,0,80,92,166,8,0,26,40,28,26,31,5,3,2,0,11,174,0,0,0,0,83,91,111,5,0,4,0,14,148,12,3031.25,3330,3650,3285.05747126437,568.489650061542,7,137,26,2,171,9.02312138728324,1.17608810195136,3,171
2016,"MUNICIPIO",420419,49,0,48,0,12,10,19,4,4,0,0,0,49,20,25,28,24.8979591836735,5.79958654402472,0,5,7,27,1,9,47,0,0,2,0,4,45,24,25,47,2,0,0,0,6,41,2,6,41,2,38,39,40,38.6734693877551,1.84150928930186,0,2,0,3,43,49,0,21,28,46,2,1,5,16,1,7,11,0,1,2,1,5,49,0,0,0,0,26,23,47,0,0,2,0,4,41,4,3040,3300,3590,3295,545.530132073381,6,35,6,1,48,9.22448979591837,0.872384331455298,1,48
2016,"MUNICIPIO",420730,640,0,619,2,93,147,162,134,81,20,1,0,638,22,27,32,27.1921875,6.63529719879038,0,14,153,326,44,102,610,17,0,5,0,403,235,267,373,620,18,0,0,2,55,578,4,57,578,4,38,39,39,38.4694835680751,1.50086439544251,4,103,69,67,392,200,440,147,492,601,32,3,76,146,63,57,197,12,16,16,3,49,636,1,3,0,0,314,326,610,17,0,5,0,45,568,27,2925,3240,3522.5,3215.44375,476.095481630637,40,516,61,4,635,9.49765258215962,0.76333133813321,7,630
2016,"MUNICIPIO",420370,121,0,98,0,24,31,37,15,10,4,0,0,121,20,25,29,25.5619834710744,6.35333581932026,0,19,32,51,6,10,91,2,0,12,0,34,85,49,72,119,2,0,2,2,8,108,1,12,108,1,38,39,40,38.504132231405,2.70223354203564,2,34,3,21,52,119,2,60,61,117,3,0,23,20,21,11,30,2,0,2,0,11,120,0,1,0,0,58,63,92,2,0,12,0,12,102,7,2945,3295,3600,3182.66115702479,731.254191483361,10,89,20,2,119,9.08264462809917,1.05346077968051,2,119
2016,"MUNICIPIO",421725,36,0,26,0,2,8,10,11,3,2,0,0,36,24,29,32.25,28.8888888888889,5.60498644207754,0,1,7,15,6,6,26,0,0,1,0,13,23,15,21,34,2,0,0,0,3,33,0,3,33,0,38,39,40,38.7777777777778,1.45623999417504,0,8,2,3,21,36,0,15,21,30,6,0,2,6,8,4,7,5,1,2,0,1,35,1,0,0,0,17,19,26,0,0,1,0,2,32,2,2987.5,3185,3636.25,3307.61111111111,523.741554464619,2,28,4,0,36,9.22222222222222,0.590936840285279,0,36
2016,"MUNICIPIO",420940,421,0,408,4,59,111,94,93,51,9,0,0,417,22,26,32,26.729216152019,6.55800685482479,0,12,98,200,37,72,390,13,0,17,0,167,253,164,257,412,9,0,3,6,36,354,21,45,354,21,38,39,40,38.602380952381,2.25921481864217,6,57,66,76,209,145,276,147,274,395,21,3,49,89,60,50,110,7,12,8,3,31,421,0,0,0,0,226,195,390,13,0,17,0,32,355,34,2995,3265,3580,3270.74821852732,555.8589948624,17,329,59,6,415,9.67220902612827,0.811765925688441,2,419
2016,"MUNICIPIO",421230,81,0,56,0,10,18,28,16,7,1,1,0,81,23,26,31,26.6543209876543,6.09950918891668,0,11,29,32,3,6,57,1,0,2,0,34,46,32,49,81,0,0,0,0,3,78,0,3,78,0,38,39,40,39.0740740740741,1.34886783801989,0,15,5,10,44,81,0,41,39,78,3,0,18,11,16,8,22,1,2,0,0,3,81,0,0,0,0,38,43,57,1,0,2,0,1,76,4,3035,3360,3710,3361.98765432099,433.050963912654,1,68,12,0,81,9.17283950617284,0.587156781805127,0,81
2016,"MUNICIPIO",421935,72,0,68,0,10,25,22,7,6,2,0,0,72,21,25,28,25.4583333333333,6.18935364893212,0,5,26,29,4,8,65,0,0,1,6,28,44,32,40,68,4,0,1,1,7,57,3,9,57,3,38,39,40,38.5217391304348,2.59302625637312,1,19,5,12,35,50,22,31,41,71,1,0,5,18,13,7,15,1,0,4,0,6,71,0,1,0,0,36,36,65,0,0,1,6,5,62,5,3092.5,3390,3687.5,3331.15277777778,518.990967375664,1,51,12,0,71,9.52112676056338,0.530744892434275,0,72
2016,"MUNICIPIO",420950,97,0,94,0,15,23,29,21,6,3,0,0,97,22,27,31,26.7319587628866,6.14328132989869,0,3,23,49,3,19,86,2,0,8,0,53,42,42,55,97,0,0,0,0,11,86,0,11,86,0,38,38,39,38.4742268041237,1.39263526800477,0,6,4,8,79,97,0,44,53,95,1,1,7,31,7,14,25,0,1,0,1,11,96,1,0,0,0,57,40,86,2,0,8,0,5,88,4,2940,3290,3545,3247.63917525773,437.526670272011,7,80,10,0,97,9.15463917525773,0.546584207174563,2,94
2016,"MUNICIPIO",421670,180,0,176,0,28,35,55,45,14,3,0,0,180,22,27,31,26.6388888888889,6.10683643734639,1,9,44,74,8,44,171,0,0,9,0,21,158,83,97,178,2,0,0,2,18,158,2,20,158,2,38,39,39,38.3277777777778,1.78707512215935,1,28,5,13,131,139,41,57,123,174,4,1,37,29,35,11,42,2,2,2,1,18,178,0,0,2,0,91,89,171,0,0,9,0,16,159,5,2870,3195,3440,3147.58333333333,469.142184912852,10,154,14,2,178,9.70555555555556,0.640331811874572,2,178
2016,"MUNICIPIO",420640,85,0,81,0,13,22,22,16,12,0,0,0,85,21,25,32,26.4352941176471,6.26488144307602,0,2,25,34,2,22,78,1,0,5,0,23,62,49,36,85,0,0,1,0,3,78,3,4,78,3,38,39,40,38.6352941176471,2.01687558239122,0,26,1,6,48,64,21,33,52,83,2,0,16,29,9,7,18,1,1,0,0,4,85,0,0,0,0,49,36,78,1,0,5,0,6,78,1,3045,3265,3400,3177.31764705882,477.018448574174,6,75,3,0,85,9.64705882352941,0.68497275498375,0,85
2016,"MUNICIPIO",421400,232,0,229,0,30,63,56,57,23,3,0,0,232,22,26.5,31,26.8189655172414,5.93631298974588,0,12,77,104,8,30,208,10,1,9,3,72,160,93,139,230,2,0,0,6,26,197,3,32,197,3,38,39,40,38.4568965517241,2.23080456970421,0,31,26,34,141,203,29,90,142,224,8,0,20,56,25,35,59,3,4,2,0,28,230,0,1,1,0,128,104,208,10,1,9,3,26,188,18,2893.75,3242,3557.5,3198.71982758621,575.753602860544,15,186,28,0,231,9.25541125541126,0.645825174656881,2,230
2016,"MUNICIPIO",420915,106,0,98,2,21,28,28,17,9,1,0,0,104,20,25,29.75,25.2452830188679,6.27286115436924,0,6,29,56,9,6,54,1,0,2,48,26,79,39,67,105,0,0,0,0,4,99,3,4,99,3,39,39,40,39.1603773584906,1.21996715375636,0,25,8,9,62,104,2,48,58,104,1,0,8,29,13,17,33,0,1,0,0,4,103,0,1,2,0,54,52,54,1,0,2,48,4,95,7,3117.5,3370,3610,3350.99056603774,415.640561183132,3,89,12,0,103,9.45631067961165,0.538274276414481,0,106
2016,"MUNICIPIO",420990,159,0,158,0,19,37,42,43,14,4,0,0,159,22,28,32,27.4465408805031,6.23043550374741,0,7,47,75,7,23,151,1,0,6,0,59,100,55,104,157,2,0,0,1,10,144,4,11,144,4,38,39,40,38.8679245283019,1.8005386238679,0,23,20,20,96,159,0,71,88,150,9,0,12,36,23,24,45,3,6,2,0,8,159,0,0,0,0,80,79,151,1,0,6,0,10,137,12,3075,3370,3562.5,3304.77358490566,545.991826856437,6,134,16,0,159,9.32704402515723,0.589967338142405,1,158
2016,"MUNICIPIO",420510,52,0,50,0,11,10,13,9,6,3,0,0,52,21,26.5,32,26.75,6.85100536489382,0,4,19,24,1,3,52,0,0,0,0,10,42,21,31,52,0,0,0,0,2,49,1,2,49,1,38,39,40,38.7692307692308,1.64036562896256,0,8,5,3,36,51,1,22,30,50,2,0,5,15,6,8,14,1,1,0,0,2,51,0,1,0,0,28,24,52,0,0,0,0,2,46,4,3078.75,3387.5,3717.5,3331.44230769231,535.265498111993,2,41,9,0,51,9.29411764705882,0.701259371332999,0,52
2016,"MUNICIPIO",421940,43,0,42,0,8,6,16,8,3,2,0,0,43,21.5,27,31,26.7674418604651,6.47646732520102,0,1,12,24,1,5,42,0,0,0,0,8,35,19,24,43,0,0,0,1,4,37,1,5,37,1,38,39,40,38.6744186046512,1.99667497691917,0,5,0,1,37,43,0,21,22,41,2,0,4,13,4,6,9,1,1,0,0,5,43,0,0,0,0,16,27,42,0,0,0,0,3,39,1,3050,3280,3630,3253.48837209302,539.527719932774,3,37,3,0,43,9.48837209302326,0.592496454610884,0,43
2016,"MUNICIPIO",421460,84,0,83,0,9,28,21,14,12,0,0,0,84,22,25,31.25,26.3095238095238,6.10939665444584,0,7,20,47,4,6,78,1,0,5,0,45,39,36,48,84,0,0,0,1,8,74,1,9,74,1,38,38,39,38.1785714285714,2.0009679241284,0,9,4,8,63,83,1,42,42,78,5,1,9,18,13,11,19,2,3,0,1,8,83,0,0,1,0,35,49,78,1,0,5,0,8,75,1,2796.25,3082.5,3412.5,3087.4880952381,482.449984773941,4,75,5,1,82,9.06024096385542,0.754650582855362,0,84
2016,"MUNICIPIO",421410,35,0,33,0,2,13,6,6,5,3,0,0,35,21.5,28,32,27.9714285714286,7.03974311983593,0,4,15,14,0,2,34,0,0,1,0,10,25,10,25,35,0,0,0,0,2,33,0,2,33,0,38,39,40,38.8285714285714,1.48493838821909,0,2,1,3,28,35,0,18,17,34,1,0,3,6,10,8,6,0,1,0,0,1,34,0,0,1,0,19,16,34,0,0,1,0,3,28,4,2890,3145,3570,3238.71428571429,520.927259878031,1,30,4,0,34,9.41176470588235,0.556920486072731,0,35
2016,"MUNICIPIO",420720,110,0,107,0,22,33,18,15,15,6,1,0,110,21,24.5,32,26.5181818181818,7.32061537767989,0,7,37,48,5,12,102,2,0,0,4,69,41,46,64,110,0,0,0,2,9,97,2,11,97,2,38,39,40,38.5545454545455,2.18664152700887,0,16,22,21,50,110,0,29,81,105,4,1,14,25,12,9,34,2,2,0,1,11,110,0,0,0,0,59,51,102,2,0,0,4,8,94,8,2951.25,3302.5,3585,3255.17272727273,568.354438758697,7,87,14,2,108,9.52727272727273,1.03789740622803,1,109
2016,"MUNICIPIO",421625,70,0,65,0,4,13,23,19,8,3,0,0,70,25,29,32,28.6571428571429,5.65143489355647,0,2,4,37,4,23,66,0,0,2,0,12,57,32,38,68,2,0,0,1,6,61,2,7,61,2,38,39,40,38.7428571428571,2.05493900812704,0,3,2,3,60,68,2,35,35,67,1,2,10,19,12,5,16,0,1,2,2,3,70,0,0,0,0,39,31,66,0,0,2,0,5,60,5,2958.75,3203,3557.5,3209.32857142857,531.186414000038,2,61,5,1,69,9.62857142857143,0.68464374680662,0,69
2016,"MUNICIPIO",420810,312,0,302,1,55,79,72,53,43,8,1,0,311,21,26,32,26.6923076923077,7.02417999664575,0,27,105,151,8,21,308,0,0,3,0,41,269,118,194,308,4,0,1,6,34,254,17,41,254,17,37,39,40,38.4935897435897,2.53463923971864,0,61,6,8,231,307,5,166,146,303,9,0,55,45,69,36,53,5,4,4,0,41,310,0,0,2,0,152,160,308,0,0,3,0,26,265,21,2948.75,3265,3566.25,3214.21794871795,588.919330697414,23,236,42,1,309,9.46774193548387,0.722225568209048,1,310
2016,"MUNICIPIO",420190,63,0,60,0,4,11,23,17,8,0,0,0,63,25,28,31,27.8253968253968,5.3326132386376,1,3,13,27,6,13,59,0,0,2,0,7,56,30,33,59,4,0,0,0,5,54,4,5,54,4,38,39,40,38.9523809523809,2.01148774525443,0,4,3,2,53,63,0,24,39,60,3,0,4,22,10,9,7,1,1,4,0,5,63,0,0,0,0,32,31,59,0,0,2,0,3,55,5,3005,3255,3547.5,3295.39682539683,523.481907740559,3,43,10,2,61,9.09523809523809,0.797461410013569,1,62
2016,"MUNICIPIO",421920,83,0,81,1,6,22,28,18,7,1,0,0,82,23,27,30.5,27.0722891566265,5.63478554254647,0,5,16,43,4,15,77,0,0,6,0,4,79,28,55,83,0,0,0,1,9,68,5,10,68,5,38,39,40,38.710843373494,2.20049950250729,1,9,4,6,62,79,4,48,35,77,6,0,2,18,12,18,18,3,3,0,0,9,79,0,0,4,0,46,37,77,0,0,6,0,6,74,3,3010,3300,3532.5,3237.65060240964,551.048522358544,5,71,5,0,83,9.27710843373494,0.754066261758956,0,82
2016,"MUNICIPIO",420030,48,0,48,0,5,11,12,12,7,1,0,0,48,23.75,26.5,32,27.6666666666667,6.36256783881682,0,1,16,25,2,4,45,0,0,3,0,25,23,15,33,48,0,0,0,0,4,43,1,4,43,1,38,39,40,38.9375,1.70613723226449,1,2,5,5,35,48,0,22,26,47,1,0,4,10,11,6,13,1,0,0,0,3,48,0,0,0,0,22,26,45,0,0,3,0,1,44,3,3008.75,3310,3540,3290.9375,418.017937426898,0,41,6,0,48,9.10416666666667,0.592132221193786,0,48
2016,"MUNICIPIO",421740,283,0,283,1,27,75,88,60,27,5,0,0,282,22,26,31,26.86925795053,5.74029015013123,0,2,48,160,17,56,252,6,1,24,0,35,248,138,145,275,8,0,1,2,36,243,1,39,243,1,38,39,40,38.4169611307421,1.97394247346642,0,34,7,18,224,282,1,134,149,268,14,1,56,54,38,25,58,9,4,7,1,31,282,0,1,0,0,135,148,252,6,1,24,0,13,240,30,3020,3380,3680,3354.40636042403,566.991251225708,4,219,52,1,282,9.28268551236749,0.713062417096771,2,281
2016,"MUNICIPIO",420450,212,0,212,0,20,52,52,51,27,9,1,0,212,23,28,33,27.9198113207547,6.68011010794574,0,6,46,125,12,23,197,0,0,15,0,26,186,84,128,204,8,0,0,3,28,180,1,31,180,1,38,39,40,38.5047169811321,2.14298733226554,1,27,10,12,162,212,0,103,109,203,8,1,33,34,49,18,39,4,3,8,1,23,212,0,0,0,0,109,103,197,0,0,15,0,18,168,26,3115,3452.5,3776.25,3393.67924528302,617.874280486436,8,151,45,1,211,9.27358490566038,0.688882863331593,2,210
2016,"MUNICIPIO",421635,57,0,56,0,5,17,15,16,3,1,0,0,57,22,27,31,26.719298245614,5.74690719917154,1,0,10,34,2,10,53,2,0,2,0,3,54,27,30,55,2,0,0,0,6,48,3,6,48,3,37,39,40,38.5964912280702,1.8112707567854,0,3,0,2,52,57,0,36,21,52,4,1,10,13,5,7,13,3,0,2,1,3,56,0,0,1,0,25,32,53,2,0,2,0,8,43,6,3010,3305,3720,3280,598.222814438137,4,41,10,0,56,9.07142857142857,0.461505160303775,0,57
2016,"MUNICIPIO",420520,48,0,44,0,5,9,12,10,11,1,0,0,48,20.75,28.5,33.5,27.9375,7.02399004627802,0,3,12,23,0,9,34,1,0,11,0,12,34,19,29,46,2,0,0,0,4,43,0,4,43,0,38,39,39,38.5106382978723,1.44270790718631,1,5,1,3,37,47,1,18,30,43,4,0,8,9,7,6,8,1,2,2,0,4,48,0,0,0,0,24,24,34,1,0,12,0,2,41,5,2857.5,3130,3472.5,3193,525.411409217739,6,33,6,0,48,9.85416666666667,0.412030949742977,1,47
2016,"MUNICIPIO",421003,63,0,60,0,7,12,18,15,11,0,0,0,63,22.5,28,33,28.015873015873,6.42698962162832,0,2,8,25,6,22,57,1,0,5,0,16,47,29,34,63,0,0,0,0,9,51,1,9,51,1,37,38,39,38.1147540983607,1.65427084295708,0,11,3,3,46,63,0,16,46,62,0,0,6,18,2,7,18,0,0,0,0,9,61,2,0,0,0,29,34,57,1,0,5,0,6,55,2,2805,3220,3435,3117.03174603175,543.835541087679,3,52,5,0,63,9.68253968253968,0.562981602443828,1,62
2016,"MUNICIPIO",420680,37,0,36,0,5,11,6,8,5,2,0,0,37,21,27,30,26.8378378378378,7.25914562432764,0,2,8,22,1,4,31,1,0,4,0,8,28,10,27,37,0,0,0,0,2,35,0,2,35,0,38,39,40,38.8918918918919,1.57733572456468,0,6,5,3,23,37,0,15,22,36,1,0,4,5,7,7,11,1,0,0,0,2,37,0,0,0,0,18,19,31,1,0,4,0,2,29,6,3080,3360,3550,3356.7027027027,493.624399769752,3,27,7,0,37,9.75675675675676,0.547996624351191,0,37
2016,"MUNICIPIO",420205,137,0,134,2,20,45,21,32,15,2,0,0,135,21,25,31,26.2189781021898,6.47133422063064,0,2,34,77,6,18,123,2,0,11,1,42,94,54,83,136,1,0,2,2,19,109,5,23,109,5,37,39,40,38.2262773722628,2.84137679119784,2,18,14,13,89,134,3,72,65,133,4,0,21,20,23,17,32,1,3,1,0,19,134,0,1,2,0,74,63,123,2,0,11,1,15,113,9,2990,3390,3590,3263.97810218978,597.141960990671,7,107,19,0,136,9.38970588235294,0.711522042214951,1,136
2016,"MUNICIPIO",421175,296,0,282,1,73,81,49,52,28,12,0,0,295,19.75,24,31,25.4425675675676,6.98643325713744,1,18,85,151,11,30,259,2,0,31,0,93,201,132,164,294,2,0,0,5,28,255,8,33,255,8,38,39,40,38.4425675675676,2.04444153300108,2,39,51,54,143,247,49,123,173,277,18,0,44,59,42,37,66,11,6,2,0,28,295,0,1,0,0,142,154,259,2,0,31,0,25,267,4,2923.75,3222.5,3490,3159.65202702703,529.224008701143,27,247,19,7,288,8.80677966101695,0.872845141913381,4,292
2016,"MUNICIPIO",420325,27,0,27,0,7,5,6,4,2,3,0,0,27,20,26,32,26.7037037037037,7.94120129846096,0,3,11,9,1,3,21,2,0,4,0,10,17,7,20,27,0,0,0,1,5,21,0,6,21,0,37,39,39.5,37.962962962963,2.65274141918074,0,3,3,2,19,27,0,11,16,25,2,0,1,3,5,4,7,0,2,0,0,5,27,0,0,0,0,18,9,21,2,0,4,0,2,23,2,3052.5,3210,3412.5,3202.59259259259,609.814553101014,0,23,4,1,26,8.7037037037037,0.724027985796491,0,27
2016,"MUNICIPIO",421205,35,0,35,1,3,10,11,5,4,1,0,0,34,21,26,30.5,26.3714285714286,6.95821864579499,0,5,10,14,2,4,31,2,0,2,0,8,27,12,23,35,0,0,0,0,5,29,1,5,29,1,38,39,40,38.4285714285714,1.86745681556045,0,13,8,3,11,35,0,20,15,33,2,0,2,9,7,3,9,1,1,0,0,3,35,0,0,0,0,18,17,31,2,0,2,0,4,30,1,2987.5,3245,3487.5,3200,450.965239302126,1,31,3,0,35,8.94285714285714,0.416063989907176,1,34
2016,"MUNICIPIO",421189,30,0,30,0,6,9,7,5,2,1,0,0,30,22,24.5,29.75,26,6.43267520902677,0,3,8,10,3,6,18,1,0,11,0,14,16,12,18,30,0,0,0,0,2,27,1,2,27,1,38,39,40,38.6333333333333,2.1088211011799,0,8,0,2,20,30,0,16,14,29,1,0,4,7,6,5,5,0,1,0,0,2,30,0,0,0,0,18,12,18,1,0,11,0,1,26,3,3071.25,3272.5,3610,3388.16666666667,570.779085433074,2,22,6,0,30,8.86666666666667,0.628810224829856,1,29
2016,"MUNICIPIO",420243,39,0,38,0,5,13,5,10,4,2,0,0,39,22,26,31,27.025641025641,6.84984509808406,1,6,9,18,1,4,28,2,0,9,0,7,32,14,25,39,0,0,0,0,4,33,2,4,33,2,38,39,40,38.5641025641026,1.84668795692624,0,12,0,1,25,39,0,17,22,36,3,0,3,6,4,4,15,1,2,0,0,4,39,0,0,0,0,22,17,28,2,0,9,0,2,35,2,2995,3190,3570,3228.97435897436,484.887642285329,3,30,6,1,38,8.69230769230769,0.766188315241727,0,39
2016,"MUNICIPIO",421650,355,0,344,6,80,109,61,64,29,5,1,0,349,20,24,30,24.9295774647887,6.59850167820171,0,15,148,142,11,39,254,14,0,83,0,78,275,143,212,350,5,0,2,6,36,300,10,44,300,10,38,38,39,38.228813559322,2.25591203247952,6,80,19,21,222,150,205,129,226,341,14,0,40,81,54,32,94,8,4,5,0,36,355,0,0,0,0,190,165,254,14,0,83,0,34,313,8,2839,3165,3419,3096.65070422535,554.021738461006,33,290,24,10,345,8.85915492957746,0.937236209937045,2,353
2016,"MUNICIPIO",420417,30,0,28,1,3,9,5,5,6,1,0,0,29,21.25,25.5,33.5,27.1666666666667,7.42355678918797,0,5,10,12,0,3,25,0,0,5,0,13,17,15,15,30,0,0,0,0,4,25,1,4,25,1,38,39,40,38.9,2.09020705128496,0,9,2,2,16,30,0,18,12,25,4,0,6,5,5,5,1,2,2,0,0,3,30,0,0,0,0,19,11,25,0,0,5,0,1,29,0,2876.25,3170,3338.75,3097.16666666667,345.422488269509,2,27,0,0,30,8.8,0.550861394419748,1,29
2016,"MUNICIPIO",421895,41,0,39,2,8,10,11,6,3,1,0,0,39,20,25,27,24.780487804878,6.98753245116597,1,3,10,18,3,6,30,3,0,8,0,11,30,22,19,39,2,0,0,0,8,32,1,8,32,1,37,39,40,38.0975609756098,2.26721059948983,0,9,4,1,26,40,1,25,16,38,1,0,7,8,7,2,7,0,1,2,0,5,40,0,0,1,0,15,26,30,3,0,8,0,3,38,0,2890,3135,3440,3120.43902439024,435.953498023613,2,36,1,1,39,8.775,1.07387388840828,0,41
2016,"MUNICIPIO",421530,98,0,94,1,13,21,30,21,9,3,0,0,97,23,27,31,27.2244897959184,6.37250960007026,0,3,20,59,2,14,95,0,1,2,0,53,45,42,56,98,0,0,1,1,7,88,1,9,88,1,38,39,40,38.6326530612245,2.20770793629974,0,8,7,10,73,97,1,57,41,96,2,0,19,18,12,18,21,1,1,0,0,8,95,0,0,3,0,44,54,95,0,1,2,0,7,83,8,2896.25,3247.5,3642.5,3257.85714285714,599.547079911935,4,82,12,2,95,9.15463917525773,0.808035248116883,1,94
2016,"MUNICIPIO",421265,89,0,86,1,11,26,25,15,9,2,0,0,88,21,26,31,26.314606741573,6.35787898026388,0,2,20,53,7,7,74,5,0,8,0,43,45,39,50,89,0,0,0,0,11,72,5,11,72,5,37.75,39,40,38.6136363636364,1.89634747641517,1,8,14,13,52,89,0,32,57,82,5,2,7,27,6,16,16,2,3,0,2,9,89,0,0,0,0,43,46,74,5,0,8,0,7,77,5,2865,3125,3460,3179.61797752809,521.561826406079,9,65,11,1,88,9.59550561797753,0.73421419223665,5,84
2016,"MUNICIPIO",421500,615,0,604,8,101,154,139,120,73,19,1,0,607,21,26,32,26.6130081300813,6.91100900713322,0,25,186,303,30,71,595,1,0,19,0,64,551,242,373,597,18,0,1,5,87,497,25,93,497,25,37,39,40,38.3154471544715,2.12354692685176,3,136,31,33,401,64,551,221,394,593,21,1,68,139,90,65,142,8,10,18,1,74,615,0,0,0,0,329,286,595,1,0,19,0,59,527,29,2911,3200,3520,3168.25365853659,535.988177511438,43,482,67,5,610,8.99349593495935,0.645674638645474,5,610
2016,"MUNICIPIO",421567,93,0,57,1,11,25,27,20,7,1,1,0,92,21,26,30,26.1935483870968,6.03478695369087,0,2,17,35,1,7,93,0,0,0,0,21,72,36,57,93,0,0,0,0,8,82,2,8,82,2,38,39,40,38.8152173913044,1.663633966412,0,11,2,3,72,93,0,53,40,90,2,0,19,13,19,15,15,1,1,0,0,8,93,0,0,0,0,51,42,93,0,0,0,0,6,80,7,3032,3350,3608,3328.60215053763,506.42071227529,4,74,12,1,92,9.45161290322581,0.744780811529809,0,93
2016,"MUNICIPIO",421775,39,0,39,0,3,13,10,8,4,1,0,0,39,22,26,31.5,26.974358974359,5.99775036548652,0,3,5,23,2,6,39,0,0,0,0,0,39,14,25,39,0,0,0,0,4,34,1,4,34,1,38,38,40,38.4615384615385,1.48405833773392,0,14,3,4,18,39,0,7,32,38,1,0,3,10,1,13,7,0,1,0,0,4,39,0,0,0,0,18,21,39,0,0,0,0,2,36,1,2902.5,3170,3412.5,3193.20512820513,413.339237474701,1,35,3,0,39,9.46153846153846,0.719874033065356,0,39
2016,"MUNICIPIO",420257,21,0,20,0,4,3,7,4,3,0,0,0,21,21,27,31,26.8571428571429,6.54435416435965,0,0,2,12,1,6,20,0,0,0,0,3,18,8,13,21,0,0,0,0,2,18,1,2,18,1,38,38,39,38.2857142857143,2.17124059336724,0,3,1,7,10,21,0,3,18,21,0,0,1,5,1,1,11,0,0,0,0,2,21,0,0,0,0,12,9,20,0,0,0,0,2,18,1,3040,3315,3540,3290.71428571429,525.236341360453,1,16,3,0,21,9.38095238095238,0.589592272353571,0,21
2016,"MUNICIPIO",421715,18,0,18,0,1,2,6,8,1,0,0,0,18,27,29,32,28.6111111111111,4.70467713324778,0,0,4,10,2,2,18,0,0,0,0,2,16,3,15,18,0,0,0,0,1,17,0,1,17,0,38,39,40,38.8333333333333,1.29478592370913,0,2,2,1,13,18,0,1,17,18,0,0,1,2,0,6,8,0,0,0,0,1,18,0,0,0,0,9,9,18,0,0,0,0,0,17,1,3042.5,3445,3573.75,3341.66666666667,403.050865276332,1,14,3,0,18,9.66666666666667,0.485071250072666,0,18
2016,"MUNICIPIO",420535,22,0,22,0,2,9,3,5,2,1,0,0,22,23.25,24.5,30.75,26.9090909090909,6.17914380653325,0,1,8,10,0,3,20,0,0,2,0,0,22,2,20,20,2,0,0,0,0,22,0,0,22,0,38,39,39.75,38.8636363636364,0.990211836184299,0,5,0,1,16,22,0,4,18,22,0,0,0,2,0,6,12,0,0,2,0,0,22,0,0,0,0,11,11,20,0,0,2,0,0,21,1,2876.25,3107.5,3476.25,3187.54545454545,383.275572535173,1,17,2,0,22,9.63636363636364,0.492365963917331,1,21
2016,"MUNICIPIO",421795,26,0,25,1,0,10,4,5,5,1,0,0,25,22.25,27,34,27.8846153846154,6.95889027404182,0,2,4,15,0,5,26,0,0,0,0,0,26,12,14,26,0,0,0,0,1,25,0,1,25,0,38,38,39,38.1923076923077,1.41475738610493,0,1,1,1,22,26,0,2,24,26,0,0,2,9,0,3,11,0,0,0,0,1,26,0,0,0,0,14,12,26,0,0,0,0,2,20,4,2776.25,3150.5,3558.75,3174.84615384615,673.598853461476,2,19,5,0,26,9.38461538461539,0.897860705317838,0,26
2016,"MUNICIPIO",420475,18,0,17,0,1,3,6,4,4,0,0,0,18,25.25,26.5,32.75,28.6666666666667,6.12612534680004,0,2,2,7,1,6,16,0,0,2,0,2,16,9,9,18,0,0,0,1,1,14,1,2,14,1,38,39,40,38.0588235294118,3.19121035492989,0,2,1,1,14,18,0,4,14,17,1,0,3,4,2,0,5,0,1,0,0,2,18,0,0,0,0,7,11,16,0,0,2,0,2,16,0,3067.5,3340,3503.75,3123.05555555556,728.808735679406,1,15,1,1,17,9.38888888888889,1.19503329458363,0,18
2016,"MUNICIPIO",420895,14,0,14,0,1,5,3,2,3,0,0,0,14,23.25,25.5,34,27.7142857142857,7.22632549915794,0,0,2,6,0,6,10,0,0,4,0,2,12,7,7,14,0,0,0,0,2,11,1,2,11,1,37,38.5,39.75,38.1428571428571,2.28227763622028,0,2,0,0,12,14,0,2,12,13,1,0,2,4,2,0,3,0,1,0,0,2,14,0,0,0,0,5,9,10,0,0,4,0,0,14,0,2992.5,3217.5,3447.5,3236.07142857143,360.460061648938,0,12,2,0,14,9.92857142857143,0.267261241912424,0,14
2016,"MUNICIPIO",420785,22,0,22,0,2,4,7,6,3,0,0,0,22,22,28.5,32,27.4545454545455,5.86131199945698,0,1,8,12,1,0,19,1,0,2,0,2,20,6,16,22,0,0,0,0,3,18,1,3,18,1,38,38,39,38.3181818181818,1.93677108897315,0,3,4,3,12,22,0,1,21,21,1,0,0,5,3,4,6,0,1,0,0,3,22,0,0,0,0,13,9,19,1,0,2,0,1,21,0,2816.25,3242.5,3428.75,3180,395.70611990887,0,20,1,0,22,9.90909090909091,0.29424494316825,0,22
2016,"MUNICIPIO",421055,18,0,18,0,3,8,4,2,1,0,0,0,18,21.5,23.5,28.75,24.5555555555556,5.95297476029691,0,0,4,8,0,6,15,0,0,3,0,3,15,13,5,18,0,0,0,0,0,17,1,0,17,1,38,39,39,38.7777777777778,1.26284252455723,0,2,1,3,12,18,0,1,17,17,1,0,8,4,1,1,3,1,0,0,0,0,18,0,0,0,0,12,6,15,0,0,3,0,0,18,0,2996.25,3185,3421.25,3202.22222222222,281.436557589295,1,17,0,0,18,9.94444444444444,0.235702260395516,1,17
2016,"MUNICIPIO",421085,33,0,30,0,6,13,7,5,2,0,0,0,33,20,23,26,24.4242424242424,5.60708426362525,0,1,12,17,2,1,28,0,0,5,0,20,13,9,24,33,0,0,0,0,1,32,0,1,32,0,39,40,40,39.3636363636364,1.6922282244533,0,6,3,0,24,32,1,21,12,33,0,0,3,6,5,10,8,0,0,0,0,1,31,0,0,2,0,15,18,28,0,0,5,0,1,28,4,2920,3500,3730,3441.36363636364,680.178368985933,1,29,3,1,30,8.90322580645161,0.978258272294095,0,32
2016,"MUNICIPIO",421415,33,0,32,0,4,7,11,6,5,0,0,0,33,24,26,32,26.8787878787879,5.85639381230877,0,3,8,18,0,4,27,0,0,6,0,11,22,14,19,33,0,0,0,1,6,26,0,7,26,0,37,38,39,37.5757575757576,2.5863862703382,0,2,4,3,23,33,0,20,13,33,0,0,5,5,6,7,3,0,0,0,0,7,32,0,0,1,0,18,15,27,0,0,6,0,4,29,0,2850,3164,3500,3116.0303030303,569.065763161895,0,30,3,0,33,9.78787878787879,0.48461168459756,2,31
2016,"MUNICIPIO",420917,13,0,13,0,2,2,5,4,0,0,0,0,13,22,27,30,25.8461538461538,5.06369683541833,0,1,4,6,0,2,9,1,1,2,0,2,11,4,9,13,0,0,0,0,0,13,0,0,13,0,39,39,40,39.3076923076923,0.85485041426511,0,2,0,0,11,13,0,5,8,12,1,0,1,2,3,1,5,1,0,0,0,0,13,0,0,0,0,8,5,9,1,1,2,0,0,12,1,3175,3435,3640,3418.07692307692,444.609090763722,1,10,2,0,13,9.69230769230769,0.480384461415261,0,13
2016,"MUNICIPIO",421223,58,0,55,1,7,16,14,10,9,1,0,0,57,21.25,27,31.75,26.8793103448276,6.69138641445929,0,6,16,26,2,8,43,0,0,15,0,24,34,23,35,57,1,0,0,0,10,46,2,10,46,2,38,39,40,38.4827586206897,2.23403795622112,0,10,4,8,34,58,0,35,23,52,6,0,5,13,9,5,11,2,3,1,0,9,58,0,0,0,0,31,27,43,0,0,15,0,6,50,2,2914,3151,3495,3151.51724137931,550.344014944506,2,48,7,0,58,9.60344827586207,0.673812279871588,0,57
2016,"MUNICIPIO",421875,46,0,39,0,4,9,17,8,7,1,0,0,46,24,28.5,32,28.1521739130435,5.71923612344767,0,2,11,25,1,7,39,0,0,6,0,12,33,18,28,44,2,0,1,2,9,31,3,12,31,3,36.25,39,39.75,37.7608695652174,3.28758460885594,0,6,3,4,32,40,6,24,22,43,3,0,4,8,9,2,9,1,2,2,0,9,46,0,0,0,0,26,20,39,0,0,6,0,10,34,2,2900,3183,3675,3094.76086956522,858.599665729226,5,31,7,1,45,9.56521739130435,0.910486412444676,0,40
2016,"MUNICIPIO",421555,19,0,14,0,2,5,6,3,2,1,0,0,19,22,27,30,27.2105263157895,6.69642481202902,0,0,5,9,1,4,16,0,0,3,0,3,16,8,11,19,0,0,0,0,2,17,0,2,17,0,38,39,40,38.9473684210526,1.74717817607346,0,7,1,1,9,19,0,9,10,17,2,0,5,3,2,2,3,0,2,0,0,2,19,0,0,0,0,9,10,16,0,0,3,0,0,19,0,3141.5,3282,3560,3310.57894736842,377.531207803404,0,18,1,0,19,9.68421052631579,0.749268649265355,0,15
2016,"MUNICIPIO",420208,40,0,38,0,3,13,7,8,5,4,0,0,40,22,27,31.75,27.925,7.395034716723,0,5,17,10,3,5,30,2,0,7,0,13,26,14,26,40,0,0,0,1,2,35,2,3,35,2,38,39,40,38.65,1.96833914109306,0,6,4,2,28,40,0,17,23,40,0,0,1,11,6,8,11,0,0,0,0,3,40,0,0,0,0,21,19,30,2,0,7,0,4,33,3,2915.5,3233,3496.25,3209.3,499.396312484461,4,32,4,0,40,9.625,0.704836769610434,0,40
2016,"MUNICIPIO",420209,14,0,12,1,1,5,3,3,0,1,0,0,13,21.25,25,29.25,25.1428571428571,7.87261214451861,0,2,5,7,0,0,11,0,0,2,0,5,9,5,9,14,0,0,0,0,2,12,0,2,12,0,37.25,38,39,37.7142857142857,1.97789987413112,0,3,1,1,9,14,0,7,7,14,0,0,1,3,2,0,6,0,0,0,0,2,14,0,0,0,0,7,6,11,0,0,2,0,2,12,0,2885.25,3197.5,3341.25,3100.42857142857,470.089470090652,0,13,0,0,14,9.71428571428571,0.468807230938495,1,13
2016,"MUNICIPIO",421300,39,0,38,0,7,12,7,11,1,1,0,0,39,21,25,31,25.3076923076923,6.30435875178872,0,1,12,18,2,6,32,1,0,6,0,9,29,17,22,37,2,0,0,0,7,31,1,7,31,1,37,38,39,38.025641025641,1.81350459618328,0,3,0,1,35,39,0,3,36,38,1,0,1,12,1,7,11,0,0,2,0,5,39,0,0,0,0,23,16,32,1,0,6,0,5,33,1,2905,3115,3397.5,3153.84615384615,508.386847031685,2,29,6,0,39,9.12820512820513,0.614709481209456,0,39
2016,"MUNICIPIO",420757,28,0,27,0,3,7,7,7,4,0,0,0,28,23,26,31.5,27.5357142857143,6.32737815257744,0,0,7,13,2,6,23,0,0,4,1,7,21,14,14,28,0,0,0,0,4,22,1,4,22,1,37.5,38,39,38.3703703703704,1.75736139946201,0,2,0,3,23,28,0,1,27,27,1,0,1,8,0,6,7,0,1,0,0,4,28,0,0,0,0,17,11,23,0,0,4,1,1,26,1,2922.5,3080,3231.25,3126.67857142857,372.383718223399,1,22,3,0,28,9.17857142857143,0.669636243353583,1,27
